id,movie_id,country_id
1,19995,1
2,19995,2
3,285,1
4,206647,2
5,206647,1
6,49026,1
7,49529,1
8,559,1
9,38757,1
10,99861,1
11,767,2
12,767,1
13,209112,1
14,1452,1
15,10764,2
16,10764,1
17,58,3
18,58,1
19,58,4
20,58,5
21,57201,1
22,49521,2
23,49521,1
24,2454,6
25,2454,7
26,2454,8
27,2454,1
28,24428,1
29,1865,1
30,41154,1
31,122917,9
32,122917,1
33,1930,1
34,20662,2
35,20662,1
36,57158,9
37,57158,1
38,2268,2
39,2268,1
40,254,9
41,254,1
42,254,10
43,597,1
44,271110,1
45,44833,1
46,135397,1
47,37724,2
48,37724,1
49,558,1
50,68721,11
51,68721,1
52,12155,1
53,36668,12
54,36668,2
55,36668,1
56,62211,1
57,8373,1
58,91314,1
59,68728,1
60,102382,1
61,20526,1
62,49013,1
63,44912,1
64,10193,1
65,534,10
66,534,13
67,534,2
68,534,1
69,168259,14
70,168259,1
71,72190,1
72,72190,15
73,127585,2
74,127585,1
75,54138,1
76,81005,1
77,64682,1
78,64682,16
79,9543,1
80,68726,1
81,68726,12
82,38356,1
83,217,1
84,105864,1
85,62177,1
86,188927,1
87,10681,1
88,5174,1
89,14161,12
90,14161,1
91,17979,1
92,76757,1
93,258489,12
94,258489,2
95,258489,1
96,411,2
97,411,1
98,246655,1
99,155,2
100,155,1
101,14160,1
102,15512,1
103,1726,1
104,44826,17
105,44826,1
106,44826,2
107,8487,1
108,1735,10
109,1735,1
110,297761,1
111,2698,1
112,137113,16
113,137113,1
114,9804,1
115,14869,6
116,14869,1
117,150540,1
118,278927,2
119,278927,1
120,10138,1
121,58595,1
122,102651,1
123,119450,1
124,79698,16
125,79698,18
126,79698,19
127,64686,1
128,100402,1
129,10192,1
130,158852,1
131,177572,1
132,82690,1
133,5255,1
134,47933,1
135,10191,1
136,296,10
137,296,2
138,296,1
139,118340,2
140,118340,1
141,157336,12
142,157336,1
143,157336,2
144,27205,2
145,27205,1
146,315011,14
147,49051,9
148,49051,1
149,9799,10
150,9799,1
151,4922,1
152,49538,1
153,131634,10
154,131634,1
155,27022,1
156,503,1
157,241259,2
158,241259,1
159,810,1
160,68735,12
161,68735,11
162,68735,14
163,68735,1
164,87101,1
165,10140,1
166,676,1
167,1858,1
168,1966,17
169,1966,10
170,1966,13
171,1966,20
172,1966,2
173,1966,1
174,675,2
175,675,1
176,674,2
177,674,1
178,8960,1
179,6479,1
180,118,16
181,118,2
182,118,1
183,2062,1
184,272,2
185,272,1
186,10527,1
187,18360,1
188,18360,12
189,2080,1
190,605,1
191,605,16
192,109445,1
193,604,16
194,604,1
195,76338,1
196,76341,16
197,76341,1
198,13448,13
199,13448,1
200,10195,1
201,13053,1
202,19585,1
203,57165,21
204,57165,1
205,62213,16
206,62213,1
207,177677,11
208,177677,1
209,7978,1
210,5559,1
211,49444,1
212,10196,1
213,956,11
214,956,10
215,956,1
216,117251,1
217,50321,1
218,11619,2
219,11619,1
220,266647,1
221,82703,1
222,652,1
223,652,15
224,652,2
225,80321,1
226,36669,2
227,36669,1
228,43074,1
229,95,1
230,608,1
231,2310,1
232,140300,11
233,140300,1
234,56292,6
235,56292,1
236,56292,22
237,81188,1
238,7552,1
239,616,14
240,616,1
241,616,9
242,147441,21
243,147441,2
244,147441,1
245,13475,10
246,13475,1
247,557,1
248,82702,1
249,205584,16
250,205584,1
251,10048,1
252,13183,1
253,944,1
254,1927,1
255,72559,1
256,7364,10
257,7364,21
258,7364,2
259,7364,1
260,2114,14
261,2114,1
262,1771,1
263,36643,2
264,36643,1
265,8619,1
266,50620,1
267,65759,16
268,1724,1
269,267935,19
270,267935,1
271,281957,12
272,281957,23
273,281957,24
274,281957,1
275,77950,1
276,44896,1
277,270946,1
278,2503,10
279,2503,1
280,9502,1
281,102899,1
282,101299,1
283,228161,1
284,74,1
285,8961,1
286,417859,1
287,27576,1
288,86834,1
289,17578,9
290,17578,1
291,673,2
292,673,1
293,6972,16
294,6972,1
295,6972,2
296,82700,1
297,10567,1
298,181533,2
299,181533,1
300,38055,1
301,671,2
302,671,1
303,49524,1
304,22,1
305,131631,1
306,591,1
307,591,15
308,591,17
309,591,2
310,172385,1
311,36658,1
312,51497,1
313,58574,1
314,18823,1
315,861,1
316,1911,1
317,49040,1
318,415,2
319,415,1
320,8871,10
321,8871,1
322,435,1
323,955,10
324,955,1
325,2133,1
326,1979,10
327,1979,2
328,1979,1
329,87827,1
330,87827,24
331,87827,2
332,1250,1
333,1250,16
334,324668,2
335,324668,1
336,324668,11
337,9471,1
338,70981,2
339,70981,1
340,10996,1
341,68724,1
342,2789,1
343,97020,12
344,97020,1
345,7459,16
346,7459,10
347,7459,1
348,42888,1
349,37834,1
350,75612,1
351,1895,1
352,1894,1
353,585,1
354,76170,2
355,76170,1
356,1893,1
357,49519,1
358,2395,18
359,2395,17
360,2395,10
361,2395,13
362,2395,21
363,12100,1
364,290595,1
365,98566,1
366,49047,2
367,49047,1
368,9619,1
369,308531,11
370,308531,1
371,308531,23
372,166424,1
373,1593,1
374,1593,2
375,254128,12
376,254128,1
377,254128,16
378,714,2
379,714,1
380,2024,10
381,2024,1
382,163,1
383,787,1
384,262500,1
385,2567,1
386,38745,1
387,40805,1
388,53182,1
389,41513,1
390,13700,1
391,262504,1
392,39254,19
393,39254,1
394,77931,1
395,1639,1
396,80274,1
397,1571,2
398,1571,1
399,120,9
400,120,1
401,10204,10
402,10204,25
403,10204,2
404,10204,1
405,8489,1
406,10588,1
407,2048,1
408,2048,10
409,1495,10
410,1495,26
411,1495,21
412,1495,2
413,1495,1
414,10137,10
415,10137,1
416,10198,1
417,286217,1
418,1635,1
419,9679,1
420,98,2
421,98,1
422,180,1
423,672,10
424,672,2
425,672,1
426,36557,13
427,36557,2
428,36557,1
429,36557,6
430,36557,10
431,869,1
432,280,17
433,280,1
434,11322,1
435,4982,2
436,4982,1
437,36955,1
438,18487,1
439,39451,1
440,27581,1
441,9268,12
442,9268,1
443,68718,1
444,10545,1
445,11688,1
446,76163,1
447,2059,1
448,2486,2
449,2486,1
450,2486,27
451,16523,1
452,116711,1
453,37710,2
454,37710,1
455,37710,17
456,37710,13
457,9946,1
458,1372,10
459,1372,1
460,106646,1
461,414,2
462,414,1
463,563,1
464,83542,10
465,83542,23
466,83542,28
467,83542,1
468,41216,16
469,41216,1
470,314,1
471,184315,1
472,9016,1
473,18162,1
474,138103,17
475,138103,1
476,257088,10
477,257088,1
478,257088,11
479,10214,10
480,10214,1
481,205775,1
482,11692,16
483,11692,1
484,22972,21
485,22972,2
486,22972,1
487,22972,17
488,227973,1
489,29193,1
490,1734,1
491,3131,1
492,3131,13
493,76758,11
494,76758,23
495,9408,1
496,9890,1
497,855,2
498,855,1
499,77953,1
500,18,17
501,37786,1
502,10501,1
503,57800,1
504,150689,2
505,150689,1
506,7980,2
507,7980,9
508,7980,1
509,12,1
510,122,9
511,122,1
512,121,9
513,121,1
514,68737,11
515,68737,12
516,68737,1
517,68737,2
518,1995,1
519,157353,11
520,157353,2
521,157353,1
522,331,1
523,61791,1
524,8204,1
525,47964,1
526,10733,1
527,9806,1
528,1408,17
529,1408,10
530,1408,13
531,1408,1
532,32657,12
533,32657,1
534,607,1
535,863,1
536,44048,1
537,5175,1
538,2655,1
539,22794,1
540,8355,1
541,116745,1
542,4327,1
543,1422,23
544,1422,1
545,10674,1
546,7446,1
547,7446,2
548,7446,10
549,65754,29
550,65754,30
551,65754,1
552,1572,1
553,10528,10
554,10528,2
555,10528,1
556,271969,1
557,10865,1
558,258509,1
559,2253,10
560,2253,1
561,10661,1
562,257344,1
563,644,1
564,10756,1
565,686,1
566,9383,10
567,9383,1
568,179,17
569,179,10
570,179,2
571,179,1
572,76285,1
573,1996,1
574,1996,10
575,1996,14
576,1996,2
577,291805,12
578,291805,11
579,291805,2
580,291805,1
581,10003,1
582,1535,2
583,1535,1
584,2067,1
585,46195,1
586,2277,10
587,2277,1
588,10357,1
589,4477,1
590,8665,12
591,8665,10
592,8665,2
593,8665,1
594,9387,1
595,921,1
596,49852,2
597,49852,27
598,4464,1
599,664,1
600,8358,1
601,9836,16
602,2502,10
603,2502,1
604,9772,10
605,9772,1
606,161,1
607,52451,1
608,52451,10
609,52451,17
610,52451,2
611,76492,1
612,4523,1
613,59961,1
614,10481,1
615,59108,1
616,1581,2
617,1581,1
618,9798,1
619,22897,1
620,298,1
621,7484,1
622,157350,1
623,853,25
624,853,1
625,853,10
626,853,2
627,10159,1
628,9593,1
629,1904,1
630,9615,14
631,9615,1
632,51052,1
633,297,1
634,9884,1
635,16858,1
636,62764,1
637,22538,1
638,22538,12
639,9341,1
640,9341,12
641,9341,10
642,12107,1
643,9637,1
644,49049,31
645,49049,2
646,49049,1
647,49049,19
648,9339,1
649,16281,1
650,39691,1
651,39691,16
652,8247,12
653,8247,1
654,11253,10
655,11253,1
656,1949,1
657,8452,1
658,310,1
659,27578,1
660,954,1
661,70160,1
662,45243,1
663,364,2
664,364,1
665,7518,1
666,11544,1
667,9986,10
668,9986,1
669,8656,1
670,146216,12
671,146216,17
672,146216,1
673,9291,1
674,55301,1
675,109418,1
676,11665,12
677,11665,32
678,11665,1
679,6964,1
680,11324,1
681,12193,1
682,9928,1
683,754,1
684,10202,1
685,4147,1
686,50546,1
687,1701,1
688,13027,1
689,13027,10
690,2289,1
691,2289,2
692,2289,33
693,2289,13
694,20504,1
695,9574,1
696,11618,1
697,2300,1
698,12096,1
699,10200,12
700,10200,1
701,8834,1
702,228150,2
703,228150,1
704,228150,11
705,6068,1
706,41515,1
707,41515,9
708,9023,1
709,38317,1
710,2157,1
711,14462,1
712,161795,1
713,159824,1
714,49948,1
715,2135,1
716,9822,1
717,9705,16
718,9705,1
719,1656,34
720,1656,1
721,12159,9
722,12159,1
723,9678,1
724,4442,6
725,4442,2
726,4442,1
727,75,1
728,330770,18
729,330770,17
730,330770,21
731,9433,1
732,19959,1
733,11973,1
734,11228,1
735,77951,16
736,77951,19
737,77951,2
738,77951,1
739,5491,1
740,10715,10
741,10715,1
742,10197,13
743,10197,1
744,9562,1
745,9922,1
746,9447,16
747,274854,1
748,8870,16
749,8870,1
750,9992,17
751,36970,17
752,36970,35
753,36970,21
754,36970,36
755,10077,6
756,10077,10
757,10077,2
758,10077,1
759,76649,12
760,76649,10
761,76649,1
762,293644,19
763,293644,34
764,453,1
765,8587,1
766,72545,1
767,109451,1
768,9533,10
769,9533,1
770,2023,1
771,2023,26
772,71880,1
773,584,1
774,309809,17
775,4858,1
776,4858,16
777,17711,10
778,17711,1
779,328111,1
780,8698,6
781,8698,10
782,8698,2
783,8698,1
784,93456,1
785,602,1
786,330,1
787,953,1
788,9693,2
789,9693,1
790,36657,1
791,8909,10
792,8909,1
793,9802,1
794,950,1
795,1824,1
796,2976,2
797,2976,1
798,11026,1
799,332,1
800,75656,1
801,75656,17
802,38365,1
803,594,1
804,15189,1
805,11678,9
806,11678,37
807,11678,1
808,6538,1
809,10555,1
810,1125,1
811,4551,1
812,612,12
813,612,1
814,612,17
815,9567,1
816,37821,1
817,203801,1
818,2539,1
819,9297,1
820,3172,1
821,6520,1
822,1439,38
823,1439,1
824,37958,1
825,2026,10
826,2026,1
827,7450,1
828,11375,1
829,9425,1
830,25769,1
831,23685,1
832,11866,1
833,9741,1
834,211672,1
835,23629,1
836,8688,12
837,8688,1
838,10153,1
839,153518,39
840,153518,1
841,8676,1
842,20829,1
843,4349,10
844,4349,1
845,9718,1
846,10808,1
847,197,1
848,25,10
849,25,1
850,35,1
851,11086,1
852,10477,16
853,10477,12
854,10477,1
855,1997,17
856,1997,2
857,6947,1
858,3050,1
859,2675,1
860,809,1
861,920,1
862,4806,1
863,7451,1
864,228165,1
865,3595,1
866,16869,10
867,16869,1
868,879,1
869,1573,1
870,9257,1
871,1903,1
872,9697,1
873,395,12
874,395,6
875,395,10
876,395,2
877,395,1
878,23398,1
879,10590,10
880,10590,1
881,117263,1
882,200,1
883,44943,1
884,587,1
885,10395,1
886,57212,1
887,152760,10
888,152760,1
889,2756,1
890,33909,1
891,49017,1
892,9882,1
893,2270,40
894,2270,2
895,2270,1
896,978,1
897,44564,1
898,3132,1
899,8814,6
900,8814,10
901,8814,2
902,8814,1
903,8427,1
904,52520,1
905,80585,1
906,10592,1
907,49021,16
908,49021,1
909,11535,10
910,11535,14
911,11535,1
912,10550,10
913,10550,1
914,11258,41
915,11258,17
916,11258,9
917,11258,2
918,11258,1
919,12610,1
920,59981,19
921,59981,1
922,201088,1
923,5137,2
924,5137,1
925,3093,10
926,3093,2
927,3093,1
928,107846,1
929,188207,1
930,4614,1
931,24021,1
932,11371,10
933,11371,1
934,20352,1
935,11517,1
936,214756,1
937,26428,21
938,9824,1
939,48988,1
940,9008,1
941,300673,1
942,12113,1
943,12113,2
944,38778,1
945,72331,1
946,1844,2
947,1844,1
948,846,12
949,846,1
950,9703,2
951,9703,13
952,9703,17
953,9703,42
954,857,1
955,136797,43
956,136797,1
957,136797,2
958,136797,17
959,3981,1
960,425,1
961,6171,1
962,72976,19
963,72976,1
964,603,16
965,603,1
966,568,1
967,9021,1
968,82695,2
969,82695,1
970,9489,1
971,12133,1
972,9342,1
973,41733,1
974,227306,1
975,5551,1
976,9350,17
977,9350,13
978,9350,1
979,9208,1
980,4244,1
981,1852,1
982,11820,1
983,76493,1
984,345,2
985,345,1
986,196867,1
987,256591,1
988,59962,1
989,36648,1
990,1880,1
991,9440,17
992,9440,10
993,9440,14
994,9440,2
995,9440,1
996,71679,12
997,71679,17
998,71679,10
999,71679,1
1000,10483,2
1001,10483,1
1002,10483,10
1003,11412,1
1004,11983,1
1005,6795,1
1006,550,10
1007,550,1
1008,11170,1
1009,9292,1
1010,10783,17
1011,10783,1
1012,100241,1
1013,100241,16
1014,257,6
1015,257,17
1016,257,13
1017,257,2
1018,9947,12
1019,9947,1
1020,189,1
1021,12618,1
1022,253412,40
1023,253412,1
1024,253412,2
1025,1427,21
1026,1427,10
1027,1427,17
1028,818,1
1029,16577,23
1030,16577,14
1031,16577,1
1032,329,1
1033,12160,1
1034,9331,1
1035,300168,23
1036,300168,11
1037,9072,1
1038,3536,17
1039,3536,1
1040,9087,1
1041,12177,1
1042,12177,2
1043,12177,10
1044,12138,1
1045,273248,1
1046,9955,1
1047,50359,2
1048,1271,1
1049,693,1
1050,14306,1
1051,497,1
1052,11199,1
1053,9982,1
1054,210577,1
1055,2501,1
1056,2501,10
1057,2501,6
1058,710,2
1059,710,1
1060,2275,10
1061,2275,1
1062,37165,1
1063,9837,1
1064,10708,1
1065,136400,1
1066,10992,1
1067,9654,2
1068,9654,1
1069,2642,16
1070,2642,1
1071,8916,1
1072,19899,1
1073,2119,1
1074,9641,1
1075,294254,1
1076,38167,1
1077,5994,1
1078,39514,1
1079,9563,1
1080,547,1
1081,1538,1
1082,9334,1
1083,9334,10
1084,9334,18
1085,11128,1
1086,75780,1
1087,8914,16
1088,8914,1
1089,13576,1
1090,39538,1
1091,39538,22
1092,10628,16
1093,10628,1
1094,14836,1
1095,8645,1
1096,8645,19
1097,8645,17
1098,9509,2
1099,9509,1
1100,10067,1
1101,9384,1
1102,9279,1
1103,1487,1
1104,9422,1
1105,77174,1
1106,4824,1
1107,9620,12
1108,9620,1
1109,9302,1
1110,10199,2
1111,10199,1
1112,10771,1
1113,3512,1
1114,137094,32
1115,137094,1
1116,274479,1
1117,267860,44
1118,267860,1
1119,267860,2
1120,8078,1
1121,7485,1
1122,170687,1
1123,6435,1
1124,137106,1
1125,10040,1
1126,6278,25
1127,6278,2
1128,6278,1
1129,82682,1
1130,17610,1
1131,22954,1
1132,16995,17
1133,16995,2
1134,16995,1
1135,16558,10
1136,16558,1
1137,9849,1
1138,5820,1
1139,16866,21
1140,16866,2
1141,16866,1
1142,201,1
1143,11775,1
1144,87825,1
1145,12201,2
1146,12201,1
1147,11015,10
1148,11015,14
1149,11015,9
1150,11015,2
1151,11015,1
1152,9932,16
1153,9932,1
1154,13389,1
1155,8838,1
1156,17332,1
1157,4958,1
1158,786,1
1159,9513,2
1160,9513,1
1161,11679,1
1162,38321,1
1163,14411,1
1164,8413,2
1165,8413,1
1166,10052,10
1167,10052,1
1168,9676,17
1169,9676,10
1170,9676,1
1171,9664,2
1172,9664,1
1173,2100,1
1174,10384,36
1175,10384,1
1176,137321,1
1177,123553,1
1178,11260,1
1179,9009,1
1180,11374,1
1181,2309,10
1182,2309,2
1183,2309,1
1184,8285,1
1185,210860,1
1186,2312,12
1187,2312,10
1188,2312,1
1189,9839,10
1190,9839,1
1191,381902,23
1192,381902,11
1193,13922,1
1194,293660,1
1195,9713,1
1196,190859,1
1197,257445,16
1198,257445,1
1199,9007,1
1200,889,1
1201,1370,1
1202,4942,10
1203,4942,1
1204,347969,1
1205,24438,1
1206,116741,1
1207,35791,10
1208,35791,1
1209,35791,17
1210,35791,12
1211,72431,1
1212,1813,10
1213,1813,1
1214,87428,1
1215,8840,1
1216,10589,1
1217,71676,22
1218,71676,1
1219,1722,2
1220,1722,1
1221,1722,17
1222,10022,12
1223,10022,1
1224,11358,1
1225,13,1
1226,6477,1
1227,1597,1
1228,10530,1
1229,1924,2
1230,1924,1
1231,9327,1
1232,8488,1
1233,10603,1
1234,8273,1
1235,109424,1
1236,35056,1
1237,8839,1
1238,156022,1
1239,7303,1
1240,8963,1
1241,1402,1
1242,9315,1
1243,8984,1
1244,795,1
1245,795,10
1246,24,1
1247,11353,1
1248,393,1
1249,9618,1
1250,9374,1
1251,8584,23
1252,8584,1
1253,2320,1
1254,58224,1
1255,1729,11
1256,1729,1
1257,175574,1
1258,8077,2
1259,8077,1
1260,8818,1
1261,8818,27
1262,8195,17
1263,8195,2
1264,8195,1
1265,10586,10
1266,10586,1
1267,116149,2
1268,80035,1
1269,10632,1
1270,12117,1
1271,1792,1
1272,13260,1
1273,72197,2
1274,3580,1
1275,12123,1
1276,9566,1
1277,9833,2
1278,9833,1
1279,4517,2
1280,8202,1
1281,16072,1
1282,34314,1
1283,19724,1
1284,145220,1
1285,14623,2
1286,14623,17
1287,42297,1
1288,2841,17
1289,802,2
1290,802,1
1291,10375,1
1292,36586,10
1293,36586,1
1294,11321,1
1295,70074,36
1296,70074,1
1297,242,13
1298,242,1
1299,9621,1
1300,1819,1
1301,8536,2
1302,8536,1
1303,8046,1
1304,1717,1
1305,479,10
1306,479,1
1307,9444,1
1308,824,16
1309,824,1
1310,11456,1
1311,261023,2
1312,261023,1
1313,3683,1
1314,22803,1
1315,285923,1
1316,39437,1
1317,1950,1
1318,640,1
1319,97630,1
1320,9767,1
1321,11631,10
1322,11631,2
1323,11631,1
1324,32856,1
1325,6519,1
1326,8741,12
1327,8741,1
1328,49520,1
1329,1850,1
1330,524,17
1331,524,1
1332,26389,2
1333,26389,17
1334,11817,1
1335,2123,1
1336,9907,10
1337,9907,1
1338,9969,1
1339,18239,1
1340,808,1
1341,38050,1
1342,8367,1
1343,9390,1
1344,72105,1
1345,2898,1
1346,10312,1
1347,109443,1
1348,2022,1
1349,37686,1
1350,462,1
1351,9919,10
1352,9919,1
1353,187017,1
1354,628,1
1355,10201,1
1356,302699,1
1357,9441,1
1358,274167,1
1359,224141,1
1360,388,1
1361,2112,1
1362,10329,1
1363,74465,1
1364,13811,2
1365,13811,1
1366,13811,16
1367,6877,1
1368,10320,1
1369,50646,1
1370,8920,1
1371,13673,1
1372,60308,1
1373,6950,1
1374,225574,17
1375,225574,2
1376,225574,1
1377,13836,1
1378,752,10
1379,752,2
1380,752,1
1381,6038,23
1382,6038,1
1383,9975,1
1384,11451,1
1385,12103,16
1386,12103,1
1387,60304,1
1388,60304,10
1389,2251,1
1390,46529,1
1391,231,1
1392,300671,15
1393,300671,26
1394,300671,1
1395,228326,34
1396,228326,1
1397,9754,1
1398,9754,16
1399,66,1
1400,4421,1
1401,2649,1
1402,588,12
1403,588,17
1404,588,14
1405,588,1
1406,10393,1
1407,71552,1
1408,9631,10
1409,9631,1
1410,216282,1
1411,306,1
1412,928,1
1413,205587,1
1414,6623,1
1415,1577,2
1416,1577,1
1417,1577,10
1418,1577,17
1419,1577,12
1420,9801,17
1421,9801,10
1422,9801,25
1423,9801,2
1424,9801,1
1425,2116,1
1426,9624,1
1427,14199,1
1428,1907,2
1429,1907,1
1430,4599,1
1431,22832,10
1432,22832,1
1433,10390,1
1434,9879,1
1435,38579,1
1436,44603,1
1437,11892,1
1438,9691,17
1439,9691,1
1440,1248,2
1441,1248,6
1442,1248,17
1443,1248,13
1444,12220,1
1445,72710,1
1446,10782,1
1447,9573,1
1448,4959,10
1449,4959,2
1450,4959,1
1451,10061,1
1452,10386,1
1453,421,1
1454,316152,1
1455,11615,10
1456,11615,2
1457,11615,1
1458,13498,1
1459,241554,1
1460,2252,2
1461,2252,1
1462,2252,12
1463,11968,1
1464,10047,17
1465,38319,1
1466,69668,12
1467,69668,1
1468,9770,1
1469,11212,1
1470,10533,1
1471,38363,1
1472,38363,22
1473,9923,17
1474,9923,2
1475,9923,1
1476,11863,1
1477,18501,1
1478,109491,1
1479,9275,10
1480,9275,2
1481,9275,1
1482,329833,1
1483,12634,1
1484,10416,1
1485,47327,1
1486,15268,12
1487,15268,19
1488,15268,14
1489,15268,1
1490,10796,1
1491,9548,1
1492,18947,10
1493,18947,2
1494,18947,17
1495,1900,10
1496,1900,1
1497,89,1
1498,96724,17
1499,96724,2
1500,198184,34
1501,198184,31
1502,198184,1
1503,9481,1
1504,4547,1
1505,6415,1
1506,181283,2
1507,181283,1
1508,181283,6
1509,181283,33
1510,9896,12
1511,9896,1
1512,167,10
1513,167,2
1514,167,1
1515,11232,1
1516,1636,1
1517,2148,1
1518,5176,1
1519,260346,17
1520,260346,1
1521,1389,1
1522,9894,1
1523,7504,12
1524,7504,19
1525,8592,1
1526,913,1
1527,11091,1
1528,1368,1
1529,593,32
1530,5393,10
1531,5393,1
1532,9095,1
1533,8874,1
1534,11467,1
1535,320,1
1536,199,1
1537,20533,1
1538,10684,1
1539,1624,1
1540,325789,2
1541,113464,45
1542,113464,1
1543,888,1
1544,82675,17
1545,4256,1
1546,1493,1
1547,88751,1
1548,11130,1
1549,9944,1
1550,10731,1
1551,7350,1
1552,9869,1
1553,4379,1
1554,4379,10
1555,146233,1
1556,2034,16
1557,2034,1
1558,926,1
1559,4248,12
1560,4248,1
1561,64328,1
1562,36647,1
1563,7214,10
1564,7214,1
1565,1537,1
1566,9360,46
1567,9360,47
1568,9360,1
1569,6282,1
1570,508,2
1571,508,1
1572,9487,1
1573,768,6
1574,768,2
1575,2636,47
1576,2636,1
1577,10478,1
1578,27983,1
1579,9981,1
1580,7453,1
1581,15045,1
1582,7737,16
1583,7737,17
1584,7737,10
1585,7737,2
1586,7737,1
1587,232672,1
1588,17379,1
1589,8987,1
1590,11359,1
1591,82525,1
1592,9759,10
1593,9759,1
1594,9486,17
1595,9486,2
1596,9906,1
1597,841,1
1598,4688,1
1599,4148,2
1600,4148,1
1601,2207,1
1602,2207,10
1603,9381,17
1604,9381,2
1605,9625,1
1606,9304,1
1607,20856,12
1608,20856,1
1609,5955,1
1610,9899,1
1611,9826,16
1612,9826,1
1613,21355,1
1614,10858,1
1615,11439,10
1616,11439,2
1617,11439,1
1618,9457,12
1619,9457,1
1620,12412,13
1621,12412,1
1622,1494,11
1623,1494,23
1624,13184,1
1625,2185,1
1626,6639,1
1627,38153,1
1628,58233,2
1629,58233,23
1630,58233,11
1631,116977,1
1632,68734,1
1633,5503,1
1634,27573,1
1635,819,1
1636,1369,1
1637,9623,1
1638,10895,1
1639,10935,1
1640,834,1
1641,228066,2
1642,228066,1
1643,711,1
1644,10468,1
1645,10027,17
1646,10027,2
1647,10027,1
1648,11812,1
1649,37233,1
1650,37950,1
1651,27582,1
1652,64688,1
1653,509,2
1654,509,1
1655,7443,2
1656,5966,1
1657,11066,1
1658,136795,1
1659,8095,2
1660,8095,1
1661,8095,36
1662,87826,1
1663,11560,1
1664,25189,1
1665,2637,1
1666,18480,1
1667,709,2
1668,709,1
1669,49730,12
1670,49730,1
1671,2749,10
1672,2749,1
1673,9607,2
1674,9607,1
1675,1830,17
1676,1830,1
1677,1830,10
1678,79,11
1679,54054,1
1680,228967,1
1681,46528,9
1682,46528,45
1683,27936,17
1684,65,1
1685,280391,17
1686,9476,1
1687,10610,23
1688,10610,1
1689,745,1
1690,49527,1
1691,73937,1
1692,1885,1
1693,168672,1
1694,18240,1
1695,10398,12
1696,10398,1
1697,165,1
1698,240832,17
1699,240832,1
1700,216015,1
1701,12279,1
1702,1645,1
1703,11007,1
1704,193756,1
1705,11287,1
1706,259693,12
1707,259693,1
1708,37799,1
1709,10184,20
1710,10184,1
1711,10184,10
1712,4257,1
1713,4234,1
1714,196,1
1715,257091,1
1716,6114,1
1717,24803,1
1718,109410,1
1719,1213,1
1720,100042,1
1721,9036,1
1722,257211,1
1723,323675,1
1724,9361,1
1725,1677,1
1726,187,1
1727,7461,1
1728,16538,1
1729,9889,1
1730,820,1
1731,11565,1
1732,6073,34
1733,6073,1
1734,16996,1
1735,193610,1
1736,19912,1
1737,296098,19
1738,296098,1
1739,296098,10
1740,8007,1
1741,32823,1
1742,4380,1
1743,11551,1
1744,10336,1
1745,11362,1
1746,50348,1
1747,48138,17
1748,48138,10
1749,48138,2
1750,1124,1
1751,227159,1
1752,68179,12
1753,68179,1
1754,1579,1
1755,708,2
1756,708,1
1757,34851,1
1758,9930,1
1759,1586,1
1760,2044,1
1761,9913,10
1762,9913,1
1763,71864,1
1764,10761,2
1765,10761,1
1766,209451,1
1767,11975,1
1768,4970,1
1769,11831,1
1770,9096,1
1771,440,1
1772,11011,1
1773,10641,1
1774,11172,1
1775,39513,1
1776,39513,2
1777,82687,1
1778,41446,1
1779,8224,1
1780,10537,1
1781,225886,1
1782,10385,10
1783,10385,1
1784,55779,1
1785,10154,2
1786,10154,1
1787,10647,1
1788,11431,10
1789,11431,1
1790,8457,1
1791,188161,1
1792,8850,1
1793,64685,1
1794,38357,1
1795,10060,1
1796,11398,12
1797,11398,1
1798,1833,1
1799,10391,1
1800,8970,1
1801,9306,1
1802,11370,2
1803,11370,1
1804,11370,10
1805,11370,48
1806,12184,2
1807,12184,1
1808,1921,1
1809,1683,1
1810,203,1
1811,11858,12
1812,11858,1
1813,62835,17
1814,18937,1
1815,13536,1
1816,15556,1
1817,10718,16
1818,10718,1
1819,11062,1
1820,10802,17
1821,10802,1
1822,1887,17
1823,1887,1
1824,1887,14
1825,6071,1
1826,10461,1
1827,80278,1
1828,80278,21
1829,12704,1
1830,10315,1
1831,16643,12
1832,16643,1
1833,2687,17
1834,2687,1
1835,194,17
1836,194,10
1837,11025,1
1838,8849,2
1839,8849,1
1840,78698,2
1841,78698,1
1842,30943,1
1843,9544,10
1844,9544,48
1845,9544,2
1846,9544,1
1847,24418,1
1848,7288,10
1849,7288,1
1850,14655,1
1851,24575,2
1852,10366,1
1853,19898,10
1854,19898,2
1855,4965,1
1856,15074,1
1857,56715,17
1858,56715,1
1859,1272,2
1860,1272,1
1861,72358,1
1862,20542,1
1863,266396,17
1864,266396,21
1865,266396,2
1866,266396,1
1867,9978,10
1868,9978,2
1869,9978,1
1870,8271,1
1871,10428,1
1872,5353,49
1873,5353,1
1874,11934,10
1875,11934,2
1876,11934,1
1877,14392,11
1878,14392,23
1879,19495,17
1880,19495,50
1881,110415,45
1882,110415,17
1883,110415,6
1884,110415,1
1885,77459,17
1886,26486,1
1887,9495,1
1888,256040,19
1889,24420,1
1890,1257,1
1891,62214,1
1892,16320,1
1893,8842,10
1894,8842,1
1895,9531,2
1896,9531,1
1897,64807,1
1898,12289,11
1899,11529,1
1900,20943,1
1901,9099,1
1902,9488,1
1903,193,1
1904,44865,11
1905,44865,23
1906,55787,1
1907,257932,11
1908,257932,17
1909,257932,1
1910,10400,1
1911,1957,1
1912,10833,1
1913,256961,1
1914,5852,1
1915,12312,1
1916,622,17
1917,622,51
1918,622,21
1919,11306,1
1920,12508,1
1921,25793,1
1922,10534,1
1923,1091,1
1924,87421,1
1925,10871,1
1926,13503,1
1927,13600,1
1928,68722,1
1929,14324,48
1930,14324,13
1931,14324,17
1932,14324,2
1933,14325,10
1934,14325,1
1935,299687,1
1936,312221,1
1937,23168,1
1938,76494,1
1939,4944,1
1940,4944,2
1941,4944,17
1942,10488,1
1943,96721,10
1944,96721,2
1945,334,1
1946,23742,1
1947,259694,1
1948,62837,1
1949,8966,1
1950,8470,1
1951,11001,10
1952,11001,1
1953,138832,1
1954,16911,32
1955,2163,1
1956,36670,10
1957,36670,2
1958,36670,1
1959,23048,1
1960,227735,1
1961,2155,1
1962,8409,10
1963,8409,1
1964,222936,1
1965,31908,1
1966,10219,1
1967,48171,1
1968,48171,27
1969,48171,13
1970,782,1
1971,75531,1
1972,11802,1
1973,9776,1
1974,18785,10
1975,18785,1
1976,365222,23
1977,817,1
1978,268,2
1979,268,1
1980,943,1
1981,22881,1
1982,10054,1
1983,51540,1
1984,44264,1
1985,350,1
1986,152,1
1987,109431,1
1988,1598,1
1989,8065,1
1990,271718,1
1991,11638,1
1992,409,2
1993,409,1
1994,2118,1
1995,11459,1
1996,10806,1
1997,9348,1
1998,377,1
1999,8843,10
2000,8843,1
2001,9313,2
2002,9313,1
2003,39486,1
2004,1273,1
2005,13920,1
2006,50544,1
2007,325133,1
2008,140823,16
2009,140823,2
2010,140823,1
2011,1883,1
2012,89492,1
2013,22949,1
2014,12437,1
2015,2959,16
2016,2959,1
2017,9957,1
2018,11648,1
2019,9366,1
2020,1576,17
2021,1576,10
2022,1576,2
2023,1576,1
2024,609,1
2025,5516,1
2026,13051,1
2027,13051,12
2028,49530,1
2029,34806,1
2030,49022,1
2031,11469,1
2032,23479,1
2033,11667,14
2034,11667,1
2035,423,17
2036,423,10
2037,423,7
2038,423,2
2039,2447,1
2040,10066,1
2041,2288,1
2042,88794,1
2043,13515,33
2044,13515,1
2045,11979,16
2046,11979,1
2047,169,1
2048,8090,1
2049,11622,1
2050,3604,1
2051,9541,1
2052,94348,1
2053,8197,1
2054,336004,1
2055,35019,1
2056,35019,2
2057,35019,17
2058,10410,1
2059,8836,12
2060,8836,1
2061,14442,25
2062,14442,2
2063,321741,16
2064,321741,1
2065,321741,2
2066,59965,1
2067,14175,2
2068,11004,10
2069,11004,14
2070,11004,2
2071,11004,1
2072,11918,1
2073,98357,1
2074,10012,10
2075,10012,1
2076,49526,1
2077,268920,1
2078,9093,2
2079,9093,1
2080,119283,1
2081,11823,17
2082,11823,2
2083,35169,22
2084,35169,1
2085,118957,28
2086,118957,16
2087,849,21
2088,849,2
2089,849,13
2090,849,1
2091,4515,1
2092,18886,1
2093,6575,1
2094,6440,1
2095,13496,1
2096,18320,2
2097,18320,1
2098,22787,12
2099,22787,17
2100,22787,1
2101,8967,1
2102,37498,52
2103,37498,23
2104,37498,1
2105,144336,1
2106,9616,10
2107,9616,1
2108,13056,12
2109,13056,10
2110,13056,1
2111,14113,1
2112,285783,1
2113,49478,11
2114,49478,1
2115,9726,1
2116,20763,1
2117,9702,1
2118,9311,10
2119,9311,41
2120,9311,30
2121,9280,36
2122,9280,17
2123,26843,53
2124,26843,1
2125,11876,17
2126,22267,1
2127,45958,34
2128,45958,21
2129,1969,1
2130,1969,17
2131,1969,34
2132,310706,1
2133,198663,1
2134,239573,1
2135,10436,1
2136,1381,1
2137,2162,1
2138,127493,1
2139,12429,14
2140,228205,1
2141,2900,1
2142,21311,1
2143,77875,1
2144,192136,2
2145,192136,31
2146,18254,1
2147,881,1
2148,10877,12
2149,10877,1
2150,9600,10
2151,9600,1
2152,202575,18
2153,202575,1
2154,71469,1
2155,71469,32
2156,85446,1
2157,326,1
2158,10685,1
2159,7220,10
2160,7220,1
2161,9763,2
2162,9763,1
2163,72387,1
2164,12596,10
2165,12596,1
2166,1892,1
2167,13460,10
2168,13460,2
2169,13460,1
2170,13460,31
2171,8055,10
2172,8055,1
2173,50647,1
2174,10719,1
2175,10719,10
2176,9294,1
2177,11888,12
2178,11888,1
2179,9647,1
2180,9353,1
2181,55721,1
2182,109414,1
2183,10307,1
2184,11978,1
2185,22907,1
2186,87567,1
2187,38322,1
2188,45612,12
2189,45612,1
2190,7305,1
2191,3594,10
2192,3594,1
2193,157841,12
2194,157841,17
2195,11519,1
2196,59,1
2197,59,12
2198,59,10
2199,9335,17
2200,9335,1
2201,12106,14
2202,12106,1
2203,11141,10
2204,11141,25
2205,11141,2
2206,8649,1
2207,31867,12
2208,31867,1
2209,10253,45
2210,3587,1
2211,124459,1
2212,24662,1
2213,32274,1
2214,182,1
2215,5494,10
2216,5494,2
2217,5494,1
2218,5494,48
2219,28,1
2220,38073,1
2221,2054,1
2222,302156,2
2223,302156,1
2224,606,1
2225,87502,1
2226,698,17
2227,698,2
2228,698,1
2229,120467,2
2230,120467,1
2231,120467,10
2232,11313,16
2233,11313,1
2234,6488,1
2235,10559,1
2236,296099,1
2237,8012,1
2238,1574,1
2239,9032,1
2240,2770,1
2241,862,1
2242,1637,1
2243,72570,1
2244,27569,1
2245,10637,1
2246,1669,1
2247,132363,1
2248,9472,10
2249,9472,1
2250,2907,1
2251,9273,1
2252,9880,1
2253,2925,1
2254,807,1
2255,17654,1
2256,17654,9
2257,17654,12
2258,17654,31
2259,11836,1
2260,322,1
2261,70,1
2262,9535,16
2263,9535,1
2264,11036,1
2265,6557,1
2266,18126,1
2267,16340,10
2268,16340,1
2269,10333,1
2270,4476,1
2271,22947,1
2272,2755,1
2273,82654,12
2274,59967,11
2275,59967,1
2276,16300,1
2277,9598,16
2278,9598,1
2279,82696,1
2280,9870,1
2281,8292,1
2282,8780,1
2283,9715,1
2284,10521,1
2285,10762,1
2286,10096,1
2287,59436,21
2288,59436,1
2289,227783,12
2290,227783,45
2291,4133,1
2292,10207,1
2293,172,1
2294,21972,1
2295,36593,1
2296,707,17
2297,707,40
2298,707,2
2299,707,1
2300,533,2
2301,533,1
2302,6023,1
2303,6439,1
2304,6439,31
2305,4347,2
2306,4347,17
2307,4347,1
2308,37056,1
2309,4105,1
2310,76489,1
2311,3933,1
2312,9918,1
2313,273481,1
2314,307081,1
2315,16871,1
2316,293863,1
2317,13156,1
2318,41233,1
2319,9266,10
2320,9266,1
2321,1262,1
2322,4513,9
2323,4513,1
2324,22970,1
2325,7278,1
2326,9013,1
2327,865,1
2328,10776,1
2329,50456,10
2330,50456,2
2331,50456,1
2332,9823,1
2333,59861,1
2334,133805,1
2335,12763,1
2336,9766,1
2337,14034,1
2338,12244,1
2339,109421,1
2340,11137,6
2341,11137,1
2342,51162,1
2343,10152,1
2344,9452,1
2345,239566,1
2346,53113,1
2347,9271,1
2348,4474,1
2349,184346,1
2350,48340,1
2351,48340,16
2352,14846,1
2353,72207,1
2354,16232,1
2355,43539,1
2356,43539,17
2357,9920,1
2358,8978,1
2359,8978,17
2360,11702,1
2361,18550,1
2362,8869,16
2363,8869,1
2364,43347,1
2365,3489,1
2366,9701,1
2367,2122,1
2368,37707,12
2369,37707,17
2370,37707,1
2371,10658,1
2372,13150,1
2373,13150,10
2374,9042,10
2375,9042,1
2376,17813,1
2377,11208,1
2378,58151,2
2379,58151,1
2380,11400,1
2381,10350,48
2382,10350,1
2383,28902,1
2384,14164,1
2385,76640,1
2386,11058,12
2387,11058,1
2388,14844,2
2389,14844,1
2390,57089,1
2391,1947,1
2392,1947,10
2393,8054,12
2394,8054,17
2395,8054,2
2396,46829,12
2397,46829,13
2398,146238,1
2399,9989,12
2400,9989,1
2401,9665,1
2402,311,1
2403,311,13
2404,102362,1
2405,11162,2
2406,11162,13
2407,11162,48
2408,11162,1
2409,6016,12
2410,6016,17
2411,6016,25
2412,6016,2
2413,17186,1
2414,13967,2
2415,13967,1
2416,2008,11
2417,2008,14
2418,2008,45
2419,9053,10
2420,9053,2
2421,9053,1
2422,4512,12
2423,4512,2
2424,4512,1
2425,76349,11
2426,76349,23
2427,31203,18
2428,31203,17
2429,265208,1
2430,45610,1
2431,50135,10
2432,1874,18
2433,1874,31
2434,271331,17
2435,215211,18
2436,215211,17
2437,215211,13
2438,215211,36
2439,215211,1
2440,367961,32
2441,10955,2
2442,10955,1
2443,10955,13
2444,223702,12
2445,223702,1
2446,254470,1
2447,69,10
2448,69,1
2449,4967,1
2450,9449,2
2451,9449,1
2452,11499,1
2453,4912,1
2454,12771,10
2455,12771,1
2456,323676,1
2457,12506,2
2458,24071,1
2459,11249,33
2460,11249,1
2461,9667,10
2462,9667,1
2463,812,1
2464,277216,1
2465,87,1
2466,14444,1
2467,2043,12
2468,2043,10
2469,2043,1
2470,315664,2
2471,315664,1
2472,1428,1
2473,562,1
2474,15373,1
2475,318846,1
2476,26320,1
2477,14292,1
2478,924,1
2479,2018,1
2480,192577,14
2481,9428,1
2482,2832,1
2483,137093,1
2484,699,2
2485,699,1
2486,9778,1
2487,8831,14
2488,8831,1
2489,9398,10
2490,9398,1
2491,112949,1
2492,10439,1
2493,3638,16
2494,3638,1
2495,23483,2
2496,23483,1
2497,62206,1
2498,62206,10
2499,62206,12
2500,10577,1
2501,218778,1
2502,4348,17
2503,4348,2
2504,4348,1
2505,78,1
2506,78,23
2507,78,2
2508,11780,2
2509,11780,1
2510,192102,17
2511,192102,1
2512,2001,1
2513,10383,1
2514,11516,36
2515,11516,10
2516,11516,21
2517,11516,17
2518,11516,13
2519,10025,1
2520,15198,12
2521,15198,1
2522,23172,1
2523,17834,1
2524,10016,1
2525,10317,1
2526,58431,1
2527,9746,1
2528,13092,2
2529,59859,1
2530,59859,2
2531,13495,21
2532,254473,12
2533,254473,17
2534,700,2
2535,700,1
2536,4964,1
2537,10024,1
2538,13490,1
2539,15927,2
2540,15927,1
2541,1259,2
2542,5125,1
2543,174,1
2544,9583,1
2545,9437,1
2546,525,1
2547,10188,1
2548,63574,1
2549,245,2
2550,245,1
2551,9825,1
2552,186,10
2553,186,1
2554,9549,1
2555,61891,2
2556,61891,10
2557,34584,10
2558,34584,1
2559,2666,16
2560,2666,1
2561,12783,2
2562,13155,2
2563,13155,1
2564,42807,1
2565,28355,12
2566,28355,1
2567,8080,10
2568,8080,2
2569,8080,1
2570,5126,1
2571,56288,1
2572,303858,1
2573,1613,12
2574,1613,2
2575,31582,1
2576,16617,39
2577,16617,20
2578,16617,2
2579,16617,1
2580,8944,1
2581,41488,17
2582,41488,2
2583,41488,12
2584,37028,2
2585,14560,1
2586,10330,1
2587,6957,1
2588,1934,1
2589,169917,1
2590,951,1
2591,10189,1
2592,9454,1
2593,2055,1
2594,1551,1
2595,5902,2
2596,5902,1
2597,11460,1
2598,9358,1
2599,134,17
2600,134,2
2601,134,1
2602,22894,1
2603,134374,1
2604,1901,1
2605,15028,1
2606,11509,1
2607,7445,1
2608,17047,1
2609,62838,1
2610,2057,17
2611,2057,1
2612,70436,27
2613,70436,54
2614,70436,21
2615,70436,1
2616,16784,10
2617,16784,1
2618,8011,12
2619,8011,17
2620,8011,2
2621,31640,2
2622,31640,1
2623,9092,1
2624,2779,10
2625,2779,1
2626,316002,1
2627,36355,1
2628,238615,1
2629,1985,11
2630,1985,10
2631,1985,2
2632,1985,1
2633,615,1
2634,788,1
2635,380,1
2636,13223,1
2637,13223,10
2638,10523,1
2639,8681,17
2640,8681,2
2641,8681,1
2642,239571,1
2643,619,1
2644,424,1
2645,50014,19
2646,50014,22
2647,50014,1
2648,162903,18
2649,162903,1
2650,11024,1
2651,208763,6
2652,208763,32
2653,208763,55
2654,6466,12
2655,6466,13
2656,6466,1
2657,254024,13
2658,254024,21
2659,254024,2
2660,12589,1
2661,7191,1
2662,1497,23
2663,1497,1
2664,117,1
2665,6977,1
2666,168530,1
2667,634,17
2668,634,25
2669,634,2
2670,634,1
2671,392,2
2672,392,1
2673,10327,1
2674,88042,1
2675,41630,1
2676,11969,1
2677,2085,1
2678,794,2
2679,794,1
2680,9286,12
2681,9286,10
2682,9286,1
2683,77877,1
2684,1265,1
2685,866,2
2686,866,1
2687,175555,1
2688,75174,12
2689,75174,1
2690,11096,1
2691,8699,1
2692,769,1
2693,10923,12
2694,10923,1
2695,11283,17
2696,11283,2
2697,11283,1
2698,111,1
2699,11676,1
2700,746,17
2701,746,11
2702,746,2
2703,746,13
2704,77866,1
2705,77866,2
2706,77866,17
2707,9416,1
2708,7345,1
2709,14317,1
2710,20694,1
2711,12277,1
2712,9779,1
2713,2140,17
2714,2140,1
2715,12620,1
2716,14177,1
2717,198185,1
2718,227156,1
2719,10735,1
2720,11351,1
2721,10030,12
2722,10030,1
2723,10623,1
2724,590,1
2725,9655,1
2726,1268,2
2727,1268,17
2728,1268,10
2729,11237,1
2730,190955,17
2731,190955,1
2732,5123,1
2733,4518,1
2734,11932,12
2735,11932,1
2736,11165,14
2737,11165,1
2738,6116,2
2739,57431,1
2740,21724,1
2741,278,1
2742,9290,16
2743,9290,1
2744,11543,1
2745,284536,1
2746,152737,1
2747,13374,1
2748,13374,12
2749,8976,1
2750,319888,10
2751,319888,2
2752,319888,1
2753,9469,1
2754,1909,1
2755,22971,1
2756,34813,1
2757,46261,1
2758,46261,16
2759,46261,34
2760,10431,1
2761,10431,12
2762,8051,1
2763,9352,1
2764,10167,10
2765,10167,1
2766,17170,14
2767,17170,1
2768,18975,6
2769,18975,17
2770,18975,10
2771,18975,2
2772,18975,1
2773,15487,1
2774,22825,1
2775,11152,1
2776,11152,10
2777,11152,16
2778,1831,1
2779,43931,1
2780,10591,1
2781,10861,1
2782,12770,1
2783,276907,2
2784,276907,1
2785,276907,17
2786,10074,1
2787,65055,1
2788,10397,25
2789,10397,1
2790,200505,1
2791,11954,2
2792,60309,1
2793,9787,10
2794,9787,1
2795,293646,1
2796,293646,56
2797,6978,1
2798,133698,17
2799,59440,1
2800,1770,25
2801,1770,2
2802,10655,1
2803,8988,1
2804,15992,16
2805,15992,1
2806,17707,1
2807,77883,1
2808,77883,12
2809,40001,1
2810,64639,1
2811,9903,1
2812,21338,1
2813,20766,1
2814,19803,1
2815,20309,1
2816,9912,9
2817,9912,36
2818,9912,14
2819,9912,1
2820,9067,1
2821,27360,12
2822,27360,1
2823,8338,46
2824,8338,12
2825,8338,14
2826,168705,1
2827,72113,21
2828,72113,17
2829,72113,10
2830,72113,7
2831,9729,1
2832,94352,1
2833,22256,1
2834,12404,1
2835,152742,13
2836,11699,1
2837,49953,17
2838,49953,18
2839,48034,17
2840,39845,1
2841,39845,10
2842,25353,17
2843,36696,1
2844,36696,32
2845,109091,2
2846,109091,1
2847,38543,2
2848,38543,1
2849,33157,13
2850,33157,32
2851,290864,23
2852,290864,11
2853,242166,32
2854,242166,1
2855,859,2
2856,859,1
2857,83770,46
2858,83770,17
2859,83770,2
2860,83770,1
2861,168,1
2862,1246,1
2863,4233,1
2864,174751,1
2865,184098,1
2866,2069,12
2867,2069,1
2868,1788,1
2869,11635,1
2870,177,1
2871,3600,1
2872,2621,1
2873,10358,1
2874,10480,10
2875,10480,1
2876,10313,2
2877,10313,1
2878,18828,1
2879,3558,10
2880,3558,1
2881,13476,1
2882,10208,1
2883,24961,1
2884,20697,1
2885,20761,1
2886,70868,1
2887,43593,1
2888,6478,10
2889,6478,2
2890,6478,1
2891,26672,2
2892,45881,21
2893,45881,2
2894,45881,17
2895,41283,1
2896,4935,14
2897,19908,1
2898,10663,1
2899,1891,1
2900,9737,1
2901,37137,1
2902,9532,1
2903,10316,1
2904,2787,1
2905,12658,1
2906,152601,11
2907,152601,1
2908,10866,1
2909,227707,18
2910,227707,2
2911,227707,21
2912,21349,1
2913,19150,1
2914,70435,25
2915,70435,1
2916,580,1
2917,9819,1
2918,13579,1
2919,20024,1
2920,20024,2
2921,2453,1
2922,6973,1
2923,11156,18
2924,11156,17
2925,354110,12
2926,22215,10
2927,22215,2
2928,22215,17
2929,11632,2
2930,11632,1
2931,30596,11
2932,3021,1
2933,957,1
2934,256917,16
2935,256917,1
2936,251,1
2937,544,1
2938,11395,1
2939,14635,1
2940,13680,1
2941,688,1
2942,11090,1
2943,783,19
2944,783,2
2945,228194,19
2946,228194,1
2947,228194,22
2948,1642,1
2949,10950,1
2950,235260,1
2951,277,10
2952,277,27
2953,277,2
2954,277,1
2955,8999,2
2956,8999,1
2957,11323,1
2958,10445,2
2959,11453,1
2960,146239,1
2961,205588,17
2962,205588,2
2963,10878,1
2964,82650,1
2965,10279,1
2966,2294,1
2967,2176,1
2968,270487,1
2969,19366,12
2970,19366,1
2971,204082,1
2972,24100,10
2973,24100,20
2974,24100,1
2975,1599,10
2976,1599,1
2977,5550,1
2978,30379,1
2979,42586,1
2980,17709,1
2981,287948,18
2982,287948,11
2983,287948,17
2984,7548,2
2985,9075,20
2986,9075,10
2987,9075,2
2988,11661,18
2989,11661,17
2990,11661,10
2991,11661,14
2992,11661,29
2993,11661,33
2994,11661,2
2995,11661,1
2996,109513,1
2997,12085,1
2998,204922,17
2999,204922,30
3000,204922,2
3001,38985,1
3002,44113,1
3003,21494,17
3004,164457,1
3005,4566,1
3006,17795,1
3007,1073,1
3008,153158,57
3009,153158,21
3010,81836,13
3011,81836,21
3012,81836,1
3013,10724,1
3014,9473,1
3015,2196,2
3016,1499,23
3017,1499,1
3018,20857,10
3019,20857,1
3020,82693,1
3021,1646,10
3022,1646,1
3023,44944,1
3024,4108,1
3025,4108,17
3026,8456,1
3027,7341,1
3028,19255,1
3029,10187,1
3030,31005,1
3031,49517,17
3032,49517,10
3033,49517,2
3034,44857,1
3035,50780,22
3036,50780,1
3037,16363,1
3038,1946,12
3039,1946,17
3040,1946,2
3041,85,1
3042,772,1
3043,840,1
3044,9682,1
3045,96,1
3046,10678,1
3047,274,1
3048,8872,1
3049,16290,1
3050,16290,33
3051,579,1
3052,14405,1
3053,138843,1
3054,11637,1
3055,226486,1
3056,1584,10
3057,1584,1
3058,9312,1
3059,12153,1
3060,65057,1
3061,8326,1
3062,35690,1
3063,76203,1
3064,76203,2
3065,13497,1
3066,35688,1
3067,162,1
3068,296096,1
3069,103370,1
3070,1051,1
3071,376659,1
3072,10073,36
3073,10073,1
3074,16690,16
3075,16690,12
3076,16690,1
3077,273895,2
3078,273895,1
3079,14873,16
3080,14873,1
3081,8968,1
3082,9963,1
3083,15655,1
3084,21208,12
3085,21208,17
3086,21208,10
3087,21208,1
3088,272878,1
3089,9760,1
3090,314365,12
3091,314365,1
3092,13279,1
3093,1975,1
3094,33644,1
3095,1649,1
3096,9895,1
3097,9570,1
3098,27579,2
3099,27579,1
3100,16052,1
3101,40264,1
3102,1164,17
3103,1164,14
3104,1164,34
3105,1164,1
3106,239678,1
3107,14359,1
3108,3989,10
3109,3989,1
3110,76617,1
3111,1710,1
3112,4258,1
3113,20391,1
3114,10139,1
3115,335778,1
3116,9645,16
3117,9645,1
3118,55465,1
3119,617,1
3120,19904,1
3121,48289,1
3122,243,2
3123,243,1
3124,6933,10
3125,6933,14
3126,6933,1
3127,17182,1
3128,8848,16
3129,8848,2
3130,8848,1
3131,38,1
3132,38303,1
3133,1266,1
3134,107985,2
3135,14043,1
3136,19901,1
3137,19901,16
3138,34016,1
3139,59860,27
3140,59860,1
3141,10069,1
3142,9588,16
3143,9588,1
3144,12819,1
3145,12819,19
3146,9954,1
3147,10115,10
3148,10115,1
3149,25132,22
3150,25132,1
3151,577,1
3152,328387,1
3153,12690,1
3154,9945,1
3155,539,1
3156,13596,1
3157,226857,1
3158,13159,1
3159,47941,1
3160,526,1
3161,22796,1
3162,2355,1
3163,5915,1
3164,9842,1
3165,61012,17
3166,61012,12
3167,755,1
3168,13682,1
3169,9089,1
3170,9470,11
3171,9470,23
3172,18357,1
3173,7979,11
3174,7979,1
3175,470,1
3176,15644,1
3177,9582,1
3178,10642,1
3179,22074,1
3180,2428,1
3181,290751,21
3182,290751,2
3183,290751,1
3184,13805,1
3185,4597,1
3186,9414,1
3187,63492,1
3188,81796,17
3189,10710,1
3190,15092,1
3191,11382,1
3192,15005,1
3193,8198,1
3194,6963,10
3195,6963,1
3196,15070,1
3197,12797,1
3198,17134,1
3199,41402,2
3200,41402,1
3201,18885,14
3202,18885,1
3203,4953,1
3204,4953,2
3205,10773,2
3206,146198,1
3207,2639,1
3208,10563,16
3209,10563,1
3210,295964,1
3211,5971,1
3212,9716,1
3213,11835,1
3214,26171,1
3215,31117,10
3216,31117,2
3217,31117,1
3218,9074,1
3219,14396,1
3220,15673,1
3221,42618,1
3222,171274,1
3223,24432,17
3224,24432,2
3225,24432,1
3226,109417,1
3227,13948,1
3228,106747,1
3229,10929,1
3230,14220,1
3231,46435,2
3232,46435,1
3233,256962,34
3234,256962,1
3235,48231,36
3236,48231,2
3237,48231,10
3238,48231,12
3239,3509,1
3240,82684,1
3241,12142,12
3242,12142,10
3243,12142,1
3244,23367,1
3245,10740,17
3246,10740,10
3247,10740,1
3248,10740,2
3249,241239,22
3250,241239,1
3251,14582,12
3252,14914,1
3253,3902,1
3254,77948,1
3255,21755,1
3256,4960,1
3257,128,14
3258,14652,17
3259,40932,1
3260,16608,16
3261,16608,2
3262,334531,1
3263,32316,1
3264,7299,1
3265,13405,16
3266,13405,11
3267,13405,10
3268,19457,1
3269,112937,1
3270,314385,17
3271,314385,1
3272,8953,14
3273,29078,1
3274,46503,1
3275,10448,1
3276,13688,23
3277,10353,17
3278,43935,1
3279,11458,10
3280,11458,1
3281,44638,1
3282,241257,12
3283,241257,21
3284,14538,11
3285,14538,23
3286,14538,45
3287,13250,12
3288,13250,2
3289,13250,1
3290,133931,31
3291,280871,19
3292,239897,1
3293,184341,58
3294,184341,1
3295,334074,2
3296,334074,1
3297,199373,1
3298,14202,12
3299,14202,11
3300,14202,1
3301,6968,6
3302,6968,17
3303,6968,10
3304,581,2
3305,581,1
3306,52449,1
3307,12150,1
3308,11247,12
3309,11247,1
3310,4232,1
3311,9378,12
3312,9378,1
3313,694,1
3314,694,2
3315,105,1
3316,11377,1
3317,26367,1
3318,385383,1
3319,41210,1
3320,12090,10
3321,12090,1
3322,62630,20
3323,62630,18
3324,16110,2
3325,16110,1
3326,29427,1
3327,129,14
3328,244114,23
3329,244114,11
3330,2669,1
3331,2669,2
3332,203833,10
3333,203833,1
3334,13523,1
3335,25195,25
3336,25195,1
3337,17277,1
3338,50725,1
3339,50725,10
3340,82631,1
3341,73191,1
3342,22479,1
3343,340611,1
3344,10065,1
3345,2757,1
3346,11683,12
3347,11683,17
3348,11683,1
3349,244339,23
3350,244339,11
3351,1878,1
3352,23082,1
3353,195589,1
3354,854,1
3355,2280,1
3356,496,1
3357,8835,1
3358,157,1
3359,8643,1
3360,10402,1
3361,218043,1
3362,9043,1
3363,21301,1
3364,10147,10
3365,10147,1
3366,816,10
3367,816,1
3368,302688,12
3369,302688,1
3370,60307,1
3371,106,1
3372,279,1
3373,8617,1
3374,10625,1
3375,10934,13
3376,10934,1
3377,5279,10
3378,5279,2
3379,5279,1
3380,10013,1
3381,194662,1
3382,160588,1
3383,9829,17
3384,9829,2
3385,9829,1
3386,10028,1
3387,10535,1
3388,790,1
3389,43959,1
3390,10364,1
3391,16991,1
3392,9610,1
3393,1578,1
3394,25643,12
3395,25643,2
3396,25643,1
3397,11904,1
3398,28665,1
3399,44115,2
3400,44115,1
3401,10569,1
3402,10560,1
3403,333348,1
3404,20483,1
3405,11457,1
3406,321697,1
3407,19840,12
3408,19840,1
3409,22327,1
3410,38665,1
3411,2575,25
3412,2575,1
3413,11644,1
3414,146227,44
3415,146227,1
3416,68924,17
3417,68924,1
3418,253235,1
3419,22102,1
3420,10068,1
3421,848,2
3422,36811,2
3423,36811,10
3424,36811,32
3425,522,1
3426,130150,1
3427,12246,32
3428,12246,10
3429,12246,50
3430,13809,2
3431,27380,23
3432,27380,1
3433,10549,2
3434,10549,1
3435,33870,16
3436,245703,1
3437,10739,2
3438,10739,20
3439,10739,17
3440,127560,16
3441,127560,2
3442,37903,59
3443,37903,17
3444,37903,10
3445,37903,13
3446,10017,1
3447,10017,12
3448,11468,1
3449,193613,1
3450,17436,10
3451,17436,1
3452,43434,17
3453,43434,10
3454,31166,17
3455,31166,23
3456,31166,25
3457,31166,21
3458,31166,2
3459,69848,1
3460,69848,34
3461,69848,21
3462,8408,1
3463,8408,14
3464,332411,1
3465,9389,17
3466,9389,2
3467,9389,48
3468,9626,20
3469,9626,1
3470,75638,21
3471,75638,1
3472,8363,1
3473,15670,1
3474,290555,12
3475,290555,17
3476,8328,1
3477,10982,1
3478,205,12
3479,205,2
3480,205,1
3481,205,13
3482,205,31
3483,1620,17
3484,1620,1
3485,175541,1
3486,241254,1
3487,31932,1
3488,1933,21
3489,1933,1
3490,1933,17
3491,1933,13
3492,679,2
3493,679,1
3494,11113,1
3495,3597,1
3496,193893,1
3497,9675,1
3498,9988,1
3499,948,1
3500,21765,1
3501,146304,1
3502,7516,17
3503,7516,2
3504,7516,1
3505,41439,12
3506,41439,1
3507,2752,1
3508,2752,17
3509,2752,2
3510,9429,1
3511,38117,1
3512,9792,17
3513,9792,1
3514,13778,1
3515,228203,1
3516,41382,1
3517,13960,1
3518,114150,1
3519,26602,1
3520,10223,1
3521,16028,1
3522,15639,1
3523,16112,1
3524,26390,1
3525,27759,1
3526,109428,1
3527,23049,60
3528,23049,1
3529,9310,1
3530,11411,2
3531,11411,1
3532,16988,12
3533,16988,17
3534,16988,1
3535,7304,10
3536,7304,1
3537,24747,1
3538,58048,2
3539,1491,6
3540,1491,1
3541,2989,1
3542,10629,25
3543,10629,2
3544,10629,1
3545,255343,18
3546,255343,17
3547,255343,21
3548,4723,10
3549,4723,1
3550,4723,17
3551,10800,17
3552,25763,1
3553,79694,1
3554,4032,1
3555,18615,1
3556,10673,1
3557,4584,2
3558,4584,1
3559,2977,2
3560,2977,1
3561,10760,1
3562,11093,1
3563,207,1
3564,8467,1
3565,639,1
3566,24226,1
3567,9285,1
3568,14709,1
3569,74643,18
3570,74643,17
3571,13788,1
3572,83666,1
3573,10781,1
3574,318850,1
3575,13908,1
3576,1417,21
3577,1417,1
3578,1417,34
3579,39180,16
3580,39180,1
3581,16161,1
3582,49950,1
3583,10956,1
3584,9594,1
3585,4638,2
3586,13972,1
3587,5038,1
3588,5038,21
3589,13491,30
3590,10571,1
3591,10994,10
3592,10994,1
3593,19994,1
3594,25166,1
3595,30890,1
3596,23169,1
3597,17403,1
3598,12120,1
3599,9800,1
3600,1090,1
3601,18475,1
3602,40160,1
3603,18074,1
3604,9689,1
3605,9781,1
3606,8009,2
3607,8009,1
3608,3877,1
3609,8854,1
3610,152599,1
3611,18840,11
3612,18840,10
3613,18840,32
3614,18840,2
3615,18840,1
3616,68727,2
3617,68727,17
3618,12657,1
3619,8265,17
3620,12410,10
3621,12410,2
3622,34647,12
3623,34647,17
3624,34647,10
3625,34647,13
3626,73935,1
3627,28178,2
3628,28178,1
3629,185567,31
3630,185567,17
3631,264656,17
3632,264656,1
3633,35696,1
3634,16351,12
3635,16351,17
3636,38717,1
3637,18777,1
3638,2110,14
3639,2110,17
3640,9035,12
3641,9035,1
3642,90,1
3643,771,1
3644,12154,1
3645,9576,1
3646,744,1
3647,146,11
3648,146,23
3649,146,24
3650,146,1
3651,14,1
3652,45269,2
3653,9493,1
3654,22556,1
3655,873,1
3656,33196,45
3657,205596,2
3658,10765,1
3659,16769,1
3660,33217,2
3661,33217,1
3662,132232,21
3663,132232,12
3664,11153,1
3665,208134,1
3666,1165,17
3667,1165,13
3668,1165,2
3669,1165,1
3670,4011,1
3671,17202,1
3672,9587,1
3673,65086,12
3674,65086,30
3675,65086,2
3676,10053,1
3677,11870,1
3678,11778,2
3679,11778,1
3680,586,1
3681,18736,1
3682,134411,1
3683,134411,22
3684,287903,1
3685,9276,1
3686,15765,1
3687,2142,1
3688,11397,1
3689,77016,1
3690,11478,12
3691,11478,1
3692,266856,2
3693,13411,1
3694,10564,1
3695,947,2
3696,24150,1
3697,228970,1
3698,18405,1
3699,6961,1
3700,11442,1
3701,2493,1
3702,14047,1
3703,64690,1
3704,11132,10
3705,11132,1
3706,17127,1
3707,1562,21
3708,1562,2
3709,232679,1
3710,17880,1
3711,14736,1
3712,9434,1
3713,23706,1
3714,11531,1
3715,9100,1
3716,116,25
3717,116,48
3718,116,32
3719,116,2
3720,116,1
3721,38843,1
3722,1245,2
3723,1245,1
3724,4995,1
3725,10413,1
3726,14012,2
3727,14012,1
3728,9793,1
3729,12212,12
3730,12212,1
3731,13768,1
3732,8975,1
3733,342521,1
3734,45272,1
3735,9424,16
3736,9424,1
3737,97367,1
3738,254904,2
3739,254904,1
3740,18681,16
3741,18681,12
3742,18681,2
3743,12162,1
3744,11495,1
3745,64689,1
3746,157849,2
3747,157849,1
3748,157849,10
3749,13166,1
3750,15511,1
3751,37003,1
3752,12211,1
3753,13816,1
3754,51828,2
3755,51828,1
3756,22798,1
3757,7501,1
3758,10743,12
3759,10743,10
3760,10743,1
3761,37718,1
3762,15237,2
3763,15237,1
3764,9686,1
3765,17644,1
3766,97430,23
3767,97430,1
3768,12257,1
3769,13539,1
3770,68,2
3771,14024,1
3772,115,2
3773,115,1
3774,7874,1
3775,4911,10
3776,4911,2
3777,4911,1
3778,1988,17
3779,1988,2
3780,1988,37
3781,1988,1
3782,16222,1
3783,9557,10
3784,9557,1
3785,9026,17
3786,9026,2
3787,9026,1
3788,18276,1
3789,8321,2
3790,8321,1
3791,72359,1
3792,10186,1
3793,25704,1
3794,133694,22
3795,133694,1
3796,19265,17
3797,19265,1
3798,36047,1
3799,8053,1
3800,8053,17
3801,2290,17
3802,2290,27
3803,2290,1
3804,5236,1
3805,6552,1
3806,1018,17
3807,1018,1
3808,10075,33
3809,10075,10
3810,10075,2
3811,10075,1
3812,38031,1
3813,38031,21
3814,42188,2
3815,42188,1
3816,6687,10
3817,6687,21
3818,6687,2
3819,6687,61
3820,13853,1
3821,31306,1
3822,8461,59
3823,8461,17
3824,8461,10
3825,8461,13
3826,8461,2
3827,8461,1
3828,331592,1
3829,331592,62
3830,47692,12
3831,47692,2
3832,19,10
3833,10045,17
3834,400,1
3835,253450,11
3836,253450,17
3837,253450,23
3838,253450,24
3839,9104,10
3840,9104,2
3841,9104,1
3842,11190,32
3843,16353,63
3844,23759,17
3845,23759,2
3846,24206,12
3847,24206,2
3848,10185,1
3849,74536,1
3850,31668,59
3851,31668,27
3852,13501,10
3853,13501,2
3854,13501,1
3855,15208,6
3856,15208,27
3857,15208,64
3858,15208,2
3859,172391,31
3860,262543,21
3861,9288,10
3862,9288,2
3863,9288,1
3864,370980,13
3865,20083,23
3866,40880,2
3867,137,1
3868,264999,1
3869,454,1
3870,53457,17
3871,288980,1
3872,33,1
3873,1951,41
3874,1951,17
3875,1951,10
3876,1951,13
3877,1951,20
3878,1951,30
3879,1951,2
3880,12405,19
3881,12405,2
3882,12405,1
3883,10998,1
3884,114,1
3885,9396,16
3886,9396,1
3887,319910,1
3888,2604,1
3889,864,1
3890,14435,1
3891,1931,1
3892,691,2
3893,691,1
3894,9877,12
3895,9877,17
3896,9877,1
3897,62008,1
3898,12227,1
3899,13824,12
3900,71688,17
3901,71688,2
3902,15173,1
3903,8291,1
3904,13950,1
3905,12158,1
3906,11586,1
3907,10008,2
3908,10008,1
3909,2830,1
3910,12403,1
3911,34563,1
3912,14557,1
3913,10368,2
3914,10368,13
3915,10280,1
3916,12637,1
3917,34152,1
3918,14434,19
3919,14434,1
3920,11470,1
3921,10741,1
3922,24940,1
3923,82679,1
3924,2013,17
3925,2013,1
3926,1440,1
3927,18041,1
3928,28029,16
3929,28029,1
3930,1123,17
3931,1123,2
3932,1123,1
3933,1123,31
3934,14033,1
3935,87729,1
3936,16899,12
3937,16899,2
3938,41317,1
3939,245700,2
3940,37842,17
3941,37842,13
3942,9045,17
3943,9045,10
3944,9045,33
3945,44092,11
3946,44092,24
3947,44092,23
3948,16005,1
3949,44754,1
3950,23988,12
3951,23988,1
3952,43949,1
3953,142,12
3954,142,1
3955,9603,1
3956,10712,1
3957,243938,1
3958,10876,10
3959,10876,2
3960,10876,1
3961,86838,2
3962,25208,1
3963,613,59
3964,613,10
3965,613,13
3966,1913,21
3967,1913,17
3968,1913,13
3969,97370,2
3970,97370,36
3971,97370,1
3972,801,1
3973,54518,1
3974,44214,1
3975,240,1
3976,9816,1
3977,10131,1
3978,339984,1
3979,8859,1
3980,11967,1
3981,239563,1
3982,222899,1
3983,4951,1
3984,10985,1
3985,9644,1
3986,332567,1
3987,1954,12
3988,1954,1
3989,15489,1
3990,15250,1
3991,22345,1
3992,9448,1
3993,38223,1
3994,11186,1
3995,136835,1
3996,5876,1
3997,264660,2
3998,492,1
3999,25462,1
4000,238603,1
4001,10691,1
4002,1251,14
4003,1251,1
4004,5172,1
4005,58680,1
4006,264644,12
4007,264644,25
4008,14577,12
4009,14577,1
4010,11592,1
4011,16406,12
4012,16406,17
4013,16406,1
4014,19052,1
4015,3682,1
4016,9683,1
4017,2084,2
4018,2084,1
4019,107811,1
4020,2266,17
4021,13074,1
4022,144340,1
4023,48217,17
4024,48217,12
4025,28211,17
4026,28211,1
4027,28211,12
4028,47502,1
4029,9950,10
4030,9950,1
4031,84892,1
4032,24227,1
4033,9672,1
4034,44853,2
4035,44853,12
4036,44853,17
4037,157544,1
4038,59678,2
4039,79777,1
4040,158011,1
4041,407887,45
4042,17043,16
4043,17043,1
4044,8952,1
4045,62204,12
4046,62204,17
4047,62204,1
4048,13435,1
4049,17187,1
4050,319,1
4051,59457,10
4052,59457,17
4053,59457,27
4054,9504,1
4055,37414,1
4056,6217,1
4057,26688,1
4058,43867,1
4059,6615,1
4060,14574,2
4061,14574,1
4062,16,57
4063,16,41
4064,16,39
4065,16,17
4066,16,10
4067,16,40
4068,16,13
4069,16,20
4070,16,29
4071,16,30
4072,16,2
4073,16,1
4074,39780,16
4075,39780,2
4076,39780,1
4077,21612,1
4078,36691,1
4079,23631,1
4080,45324,12
4081,12144,25
4082,12144,1
4083,11658,45
4084,56601,1
4085,9552,1
4086,578,1
4087,2105,1
4088,126319,18
4089,126319,17
4090,126319,48
4091,10136,1
4092,67660,1
4093,10611,1
4094,154,1
4095,3049,1
4096,860,1
4097,9281,1
4098,75674,1
4099,9762,1
4100,3179,1
4101,184,1
4102,13335,1
4103,76726,1
4104,10269,2
4105,10269,1
4106,36819,2
4107,17130,1
4108,57214,1
4109,11202,1
4110,9357,1
4111,13812,1
4112,9030,1
4113,19084,1
4114,8386,1
4115,10437,1
4116,1360,34
4117,1360,1
4118,1360,12
4119,101267,1
4120,222935,1
4121,10220,1
4122,284296,1
4123,31915,1
4124,11601,1
4125,205220,2
4126,11354,1
4127,16241,2
4128,16241,1
4129,14191,16
4130,14191,1
4131,286565,1
4132,26710,1
4133,129670,1
4134,9059,1
4135,34549,1
4136,57157,1
4137,1948,1
4138,28353,1
4139,46889,1
4140,38093,1
4141,14976,1
4142,11027,10
4143,11027,1
4144,3635,2
4145,3635,48
4146,387,10
4147,6020,1
4148,122906,2
4149,9550,11
4150,9550,23
4151,60599,1
4152,227719,1
4153,14299,1
4154,12088,16
4155,12088,1
4156,14799,1
4157,9466,1
4158,7510,1
4159,31246,1
4160,61752,1
4161,10944,16
4162,10944,1
4163,10362,17
4164,10362,1
4165,14778,10
4166,14778,2
4167,1255,45
4168,45226,1
4169,10212,6
4170,10212,2
4171,10212,1
4172,8669,1
4173,179144,13
4174,16857,1
4175,86825,1
4176,844,10
4177,844,23
4178,844,11
4179,844,17
4180,844,13
4181,8060,12
4182,8060,1
4183,15907,31
4184,38448,25
4185,38448,1
4186,327,2
4187,327,14
4188,327,1
4189,9260,10
4190,9260,1
4191,61337,1
4192,61337,16
4193,13079,1
4194,89325,1
4195,4170,10
4196,4170,1
4197,41508,27
4198,41508,10
4199,41508,2
4200,41508,65
4201,12479,1
4202,44555,11
4203,10133,1
4204,21345,11
4205,21345,23
4206,61984,14
4207,50601,1
4208,26466,16
4209,26466,2
4210,345003,1
4211,236751,1
4212,107,2
4213,107,1
4214,357837,1
4215,8913,1
4216,13889,14
4217,18530,12
4218,18530,10
4219,18530,17
4220,18530,2
4221,358451,23
4222,358451,11
4223,927,1
4224,11,1
4225,291870,1
4226,907,13
4227,907,1
4228,206563,46
4229,206563,2
4230,11887,1
4231,45317,1
4232,12094,1
4233,10377,1
4234,249164,1
4235,256092,16
4236,256092,12
4237,9942,1
4238,10748,2
4239,1817,1
4240,10229,1
4241,687,1
4242,687,2
4243,796,1
4244,22804,16
4245,22804,12
4246,22804,2
4247,22804,1
4248,10156,1
4249,12837,1
4250,17708,1
4251,13937,1
4252,28932,1
4253,31909,1
4254,167073,12
4255,167073,25
4256,3175,2
4257,3175,1
4258,14369,1
4259,16888,1
4260,121826,2
4261,10646,1
4262,12149,10
4263,12149,13
4264,12149,1
4265,304357,2
4266,304357,1
4267,11184,10
4268,11184,1
4269,766,1
4270,20009,12
4271,20009,1
4272,1587,1
4273,30973,12
4274,30973,2
4275,11109,2
4276,11109,17
4277,9027,17
4278,9027,2
4279,9027,1
4280,63020,1
4281,86829,1
4282,86829,17
4283,86829,2
4284,11065,1
4285,13888,66
4286,42345,1
4287,13994,1
4288,1590,10
4289,1590,1
4290,62728,2
4291,11917,1
4292,45138,13
4293,80271,1
4294,4657,16
4295,14395,19
4296,24137,2
4297,24137,1
4298,190847,25
4299,190847,2
4300,11056,21
4301,11056,1
4302,62,1
4303,62,2
4304,601,1
4305,13067,1
4306,25379,12
4307,88641,1
4308,58051,19
4309,14877,12
4310,96399,34
4311,304410,17
4312,489,12
4313,489,1
4314,373314,1
4315,214,1
4316,10890,1
4317,1588,1
4318,316727,17
4319,316727,1
4320,10314,1
4321,663,1
4322,11804,12
4323,11804,2
4324,11804,1
4325,16781,1
4326,11873,1
4327,9289,1
4328,10414,1
4329,1970,14
4330,1970,1
4331,9614,1
4332,8922,10
4333,8922,1
4334,1648,1
4335,17917,2
4336,74534,22
4337,74534,2
4338,74534,1
4339,19405,1
4340,9355,16
4341,10999,1
4342,321258,1
4343,321258,11
4344,321258,12
4345,44040,1
4346,10426,1
4347,280092,12
4348,280092,1
4349,13938,1
4350,10163,2
4351,10163,14
4352,10163,1
4353,12182,1
4354,1832,1
4355,9034,1
4356,15301,1
4357,10135,1
4358,26352,1
4359,20616,1
4360,9794,1
4361,15037,1
4362,227,1
4363,294272,1
4364,11336,1
4365,283445,1
4366,88036,1
4367,10984,1
4368,22824,1
4369,9526,1
4370,39349,1
4371,15983,1
4372,14544,1
4373,11545,1
4374,42684,1
4375,268238,2
4376,268238,1
4377,8359,1
4378,15648,1
4379,41823,1
4380,11891,23
4381,11891,1
4382,9362,1
4383,9902,10
4384,9902,1
4385,14729,1
4386,9455,1
4387,103731,1
4388,10090,1
4389,164558,1
4390,19905,1
4391,17710,1
4392,75900,2
4393,9515,10
4394,9515,1
4395,27322,1
4396,328425,1
4397,14120,1
4398,10050,1
4399,1542,1
4400,10490,1
4401,87093,12
4402,87093,1
4403,10029,1
4404,9893,1
4405,11507,1
4406,37931,1
4407,3472,2
4408,87818,1
4409,13160,1
4410,88005,1
4411,52067,1
4412,73,1
4413,134597,1
4414,24034,1
4415,14283,12
4416,14283,13
4417,14283,2
4418,404,1
4419,13201,10
4420,13201,1
4421,209403,1
4422,7942,2
4423,73247,1
4424,253331,1
4425,34043,1
4426,9952,1
4427,256924,1
4428,82532,1
4429,41110,13
4430,134371,1
4431,2088,2
4432,2088,1
4433,10388,1
4434,1640,10
4435,1640,1
4436,25520,2
4437,25520,17
4438,25520,10
4439,25520,1
4440,27342,1
4441,13689,10
4442,13689,1
4443,67911,1
4444,24664,1
4445,329440,1
4446,47890,20
4447,47890,1
4448,252512,1
4449,55720,1
4450,9613,12
4451,9613,2
4452,29076,1
4453,29339,2
4454,29339,1
4455,68812,1
4456,14195,17
4457,14195,1
4458,73567,1
4459,41479,1
4460,15394,12
4461,15394,2
4462,10071,1
4463,1989,11
4464,1989,17
4465,1989,23
4466,91076,21
4467,91076,1
4468,91076,14
4469,12779,13
4470,12779,2
4471,13191,44
4472,11770,11
4473,11770,23
4474,12703,17
4475,12703,14
4476,12703,1
4477,64559,17
4478,64559,36
4479,222649,1
4480,115872,17
4481,115872,13
4482,115872,10
4483,115872,21
4484,101173,13
4485,101173,67
4486,101173,1
4487,25350,18
4488,25350,10
4489,25350,1
4490,10034,2
4491,10034,1
4492,20178,1
4493,5072,2
4494,5072,10
4495,5072,27
4496,18191,1
4497,31007,1
4498,11546,1
4499,184374,34
4500,268171,1
4501,78149,1
4502,39037,1
4503,22805,1
4504,39055,12
4505,245846,16
4506,25186,1
4507,15017,1
4508,12245,21
4509,12245,17
4510,12245,2
4511,49787,16
4512,16358,10
4513,16358,2
4514,16358,1
4515,7006,12
4516,7006,1
4517,66767,12
4518,17622,12
4519,17622,2
4520,283671,34
4521,283671,45
4522,18516,10
4523,18516,65
4524,18516,1
4525,217708,29
4526,217708,40
4527,42057,2
4528,17577,1
4529,14608,12
4530,14608,31
4531,14608,2
4532,34417,1
4533,15067,45
4534,78383,1
4535,43090,12
4536,16614,1
4537,9700,1
4538,10471,1
4539,250066,12
4540,250066,48
4541,667,2
4542,208869,2
4543,86837,17
4544,86837,59
4545,86837,10
4546,10306,1
4547,106845,1
4548,11576,1
4549,219,21
4550,11827,12
4551,22820,1
4552,31174,2
4553,31174,1
4554,244316,12
4555,244316,1
4556,37737,19
4557,62215,41
4558,62215,17
4559,62215,10
4560,62215,30
4561,66125,16
4562,132316,19
4563,348,1
4564,348,2
4565,30497,1
4566,27586,1
4567,14811,1
4568,660,4
4569,660,17
4570,660,2
4571,660,1
4572,68684,1
4573,40794,13
4574,9400,1
4575,16162,1
4576,10585,1
4577,2359,1
4578,238636,17
4579,238636,1
4580,10472,1
4581,11282,1
4582,6521,10
4583,6521,2
4584,6521,1
4585,14181,1
4586,1621,1
4587,9656,12
4588,9656,1
4589,16428,1
4590,10705,2
4591,8272,1
4592,24621,1
4593,1619,1
4594,9685,1
4595,14425,1
4596,14624,1
4597,10179,1
4598,15568,1
4599,14057,1
4600,12621,1
4601,1808,2
4602,293670,45
4603,67675,1
4604,27329,63
4605,29514,13
4606,29514,1
4607,250349,17
4608,12454,17
4609,12454,2
4610,39806,1
4611,15699,16
4612,8883,6
4613,8883,41
4614,8883,39
4615,8883,17
4616,8883,10
4617,8883,29
4618,8883,30
4619,17926,1
4620,291081,2
4621,41248,17
4622,25968,1
4623,9671,16
4624,52010,2
4625,11588,2
4626,11588,1
4627,11588,10
4628,43418,16
4629,71157,17
4630,13483,1
4631,333355,45
4632,333355,1
4633,327833,12
4634,327833,63
4635,327833,1
4636,1547,1
4637,25196,1
4638,16323,1
4639,175528,1
4640,8069,1
4641,71805,1
4642,71805,29
4643,71805,30
4644,9451,1
4645,16727,19
4646,16727,1
4647,272693,1
4648,10696,1
4649,150202,1
4650,19644,45
4651,29963,2
4652,29963,17
4653,29963,16
4654,26022,19
4655,26022,1
4656,152747,1
4657,1116,25
4658,1116,2
4659,1116,10
4660,1116,13
4661,1116,21
4662,1116,17
4663,1116,18
4664,1116,36
4665,185008,19
4666,11620,1
4667,14353,1
4668,11818,68
4669,680,1
4670,11176,1
4671,242582,1
4672,11217,1
4673,15121,1
4674,2619,1
4675,773,1
4676,235,1
4677,170,2
4678,14114,1
4679,10734,1
4680,28121,1
4681,40807,1
4682,10885,1
4683,225565,1
4684,385736,1
4685,11971,2
4686,11971,1
4687,668,2
4688,668,1
4689,11596,1
4690,14429,1
4691,13751,1
4692,9490,1
4693,14536,12
4694,14536,1
4695,1359,12
4696,1359,1
4697,9962,20
4698,9962,10
4699,9962,1
4700,15049,12
4701,22821,1
4702,42819,1
4703,209263,1
4704,37735,1
4705,59930,1
4706,10873,1
4707,51588,1
4708,23570,1
4709,19489,1
4710,14629,1
4711,8293,2
4712,291270,1
4713,44009,2
4714,1958,17
4715,1958,13
4716,13154,1
4717,26618,10
4718,26618,1
4719,43923,1
4720,46138,2
4721,45791,25
4722,45791,2
4723,26306,1
4724,110683,2
4725,26963,18
4726,26963,17
4727,26963,25
4728,198277,1
4729,7870,1
4730,13072,1
4731,153397,2
4732,30141,1
4733,17044,2
4734,17044,17
4735,10288,12
4736,12183,10
4737,12183,1
4738,44147,17
4739,44147,2
4740,12192,1
4741,13197,1
4742,10913,41
4743,10913,17
4744,10913,2
4745,251321,17
4746,251321,1
4747,251321,21
4748,149,14
4749,10425,10
4750,10425,1
4751,49081,12
4752,256687,1
4753,220488,11
4754,1544,10
4755,1544,2
4756,1544,1
4757,374461,1
4758,302,17
4759,302,2
4760,182873,1
4761,21512,1
4762,21512,16
4763,389425,1
4764,403,1
4765,29461,1
4766,33542,23
4767,283708,17
4768,9388,1
4769,1691,1
4770,24684,2
4771,24684,1
4772,2610,1
4773,11308,12
4774,11308,2
4775,11308,1
4776,11022,12
4777,11022,1
4778,34341,12
4779,15365,1
4780,12569,1
4781,24356,1
4782,24356,2
4783,2577,2
4784,103903,2
4785,73873,2
4786,73873,25
4787,312113,1
4788,312113,69
4789,14165,19
4790,2011,17
4791,2011,1
4792,45650,1
4793,7735,10
4794,301365,41
4795,301365,17
4796,301365,1
4797,25941,2
4798,7326,1
4799,326284,12
4800,681,2
4801,681,1
4802,238,1
4803,535,1
4804,19913,1
4805,713,9
4806,713,16
4807,713,17
4808,77930,1
4809,10727,16
4810,10727,1
4811,253,2
4812,17908,1
4813,8390,17
4814,8390,10
4815,8390,2
4816,8390,1
4817,57119,1
4818,3291,17
4819,3291,14
4820,3291,2
4821,3291,1
4822,398,12
4823,398,1
4824,8068,1
4825,10803,1
4826,682,2
4827,682,1
4828,10117,1
4829,9392,2
4830,24977,1
4831,79316,1
4832,2074,1
4833,1696,10
4834,1696,1
4835,308639,1
4836,22314,1
4837,2662,1
4838,77156,1
4839,12573,1
4840,12573,2
4841,12573,17
4842,44718,1
4843,11342,1
4844,241771,1
4845,34653,1
4846,11051,1
4847,11051,12
4848,14578,1
4849,57825,2
4850,57825,1
4851,9555,16
4852,15581,1
4853,13006,2
4854,16651,1
4855,4251,19
4856,12400,1
4857,39053,1
4858,14112,1
4859,12271,1
4860,71859,2
4861,71859,1
4862,226354,2
4863,226354,1
4864,48620,1
4865,33676,12
4866,33676,1
4867,37080,21
4868,37080,1
4869,25388,2
4870,11687,17
4871,39210,1
4872,31535,1
4873,44835,1
4874,192134,2
4875,1956,1
4876,1956,57
4877,24985,10
4878,24985,2
4879,306745,1
4880,47088,17
4881,47088,1
4882,110402,32
4883,27004,1
4884,15013,2
4885,15013,31
4886,15013,17
4887,8374,12
4888,8374,1
4889,277519,11
4890,277519,23
4891,78381,1
4892,164372,32
4893,294512,1
4894,8879,1
4895,13001,12
4896,13001,1
4897,9571,1
4898,13649,1
4899,334527,1
4900,2211,10
4901,13919,10
4902,13919,1
4903,14576,1
4904,82505,1
4905,46738,12
4906,46738,17
4907,38970,13
4908,41009,25
4909,41009,2
4910,7347,46
4911,250546,1
4912,650,1
4913,16620,1
4914,25113,1
4915,11033,1
4916,34723,1
4917,9430,1
4918,8998,1
4919,10514,1
4920,10496,1
4921,1591,10
4922,76025,2
4923,4836,2
4924,14631,1
4925,87499,2
4926,87499,1
4927,18923,1
4928,26665,2
4929,26665,29
4930,26665,30
4931,28089,1
4932,62255,9
4933,62255,2
4934,5708,14
4935,5708,2
4936,5708,1
4937,5708,16
4938,218,2
4939,218,1
4940,338,10
4941,21641,2
4942,10925,1
4943,2293,1
4944,621,1
4945,792,2
4946,792,1
4947,1777,1
4948,642,1
4949,433,1
4950,16619,1
4951,1725,1
4952,11977,1
4953,20322,1
4954,16158,1
4955,629,1
4956,10160,1
4957,11452,1
4958,12163,1
4959,32275,1
4960,13785,1
4961,1103,1
4962,36739,1
4963,14144,1
4964,10622,16
4965,10622,23
4966,13370,1
4967,11191,1
4968,10215,2
4969,10215,1
4970,25066,1
4971,1523,2
4972,1523,10
4973,1523,1
4974,11361,1
4975,92591,1
4976,57612,4
4977,57612,2
4978,12509,1
4979,15256,1
4980,83686,1
4981,80304,1
4982,28053,1
4983,67913,25
4984,13991,1
4985,1443,1
4986,8545,2
4987,19556,1
4988,231576,1
4989,16172,1
4990,13403,1
4991,15797,1
4992,347764,12
4993,347764,1
4994,13537,12
4995,13537,1
4996,20794,1
4997,31064,1
4998,576,1
4999,13990,1
5000,11583,2
5001,18602,2
5002,18602,12
5003,27549,1
5004,59728,1
5005,10930,17
5006,32395,1
5007,58882,11
5008,7547,1
5009,35944,2
5010,35944,10
5011,42222,1
5012,13827,1
5013,9282,12
5014,9282,1
5015,38940,1
5016,38940,21
5017,35689,1
5018,97614,17
5019,97614,1
5020,37206,12
5021,37206,25
5022,58626,1
5023,837,12
5024,1555,17
5025,244783,1
5026,16564,20
5027,16564,18
5028,168027,1
5029,3482,17
5030,3482,1
5031,135595,1
5032,135595,63
5033,8982,63
5034,8982,16
5035,89861,2
5036,89861,19
5037,455,19
5038,455,10
5039,455,2
5040,455,1
5041,14351,1
5042,10664,21
5043,9277,1
5044,9443,2
5045,7863,16
5046,138697,1
5047,11901,1
5048,1548,10
5049,1548,2
5050,1548,1
5051,11889,12
5052,11889,2
5053,33155,1
5054,5528,36
5055,5528,10
5056,5528,17
5057,321,12
5058,4997,12
5059,4997,1
5060,925,1
5061,27451,1
5062,73532,39
5063,73532,17
5064,73532,10
5065,979,17
5066,193722,14
5067,7913,19
5068,253253,1
5069,51995,1
5070,13173,1
5071,22908,12
5072,22908,2
5073,70670,10
5074,70670,29
5075,84204,25
5076,84204,2
5077,25248,12
5078,230266,2
5079,230266,29
5080,16633,1
5081,91586,1
5082,215,1
5083,333371,1
5084,9012,1
5085,345911,1
5086,72571,1
5087,242512,14
5088,242512,1
5089,10072,1
5090,211954,34
5091,82990,1
5092,29912,1
5093,11843,2
5094,11284,1
5095,504,1
5096,173,1
5097,227348,1
5098,1955,2
5099,1955,1
5100,152532,1
5101,243940,1
5102,77,1
5103,157547,1
5104,2295,1
5105,71,17
5106,71,2
5107,147773,1
5108,16096,1
5109,24266,16
5110,16508,1
5111,2895,1
5112,15660,1
5113,59968,1
5114,323677,12
5115,323677,10
5116,19848,1
5117,256274,1
5118,235271,1
5119,284293,1
5120,24973,1
5121,21610,1
5122,10283,1
5123,8346,12
5124,8346,1
5125,122081,17
5126,122081,1
5127,10987,1
5128,1391,34
5129,747,2
5130,747,1
5131,747,17
5132,14745,1
5133,26748,1
5134,11357,1
5135,24913,12
5136,24913,1
5137,13776,1
5138,14854,1
5139,50357,12
5140,50357,1
5141,13090,1
5142,192141,1
5143,16441,1
5144,29996,1
5145,351819,1
5146,14834,1
5147,22649,1
5148,378200,1
5149,20455,14
5150,20455,1
5151,13193,1
5152,11042,12
5153,11042,17
5154,10786,2
5155,10786,1
5156,12484,1
5157,17339,2
5158,11959,1
5159,9900,1
5160,14662,1
5161,335,13
5162,335,21
5163,335,1
5164,15745,1
5165,17431,2
5166,21014,1
5167,78394,17
5168,78394,2
5169,10217,12
5170,46332,17
5171,13996,1
5172,3028,1
5173,1024,9
5174,343795,1
5175,45658,1
5176,16148,1
5177,4553,1
5178,4553,21
5179,36351,1
5180,245916,1
5181,27585,1
5182,1415,20
5183,1415,1
5184,313922,1
5185,14474,1
5186,199933,1
5187,13685,1
5188,8744,1
5189,38428,19
5190,8847,1
5191,39269,12
5192,46838,12
5193,46838,1
5194,56930,1
5195,41730,1
5196,18442,12
5197,298312,1
5198,11600,1
5199,71547,2
5200,71547,10
5201,57876,1
5202,77495,21
5203,13849,2
5204,14849,1
5205,12486,1
5206,244403,1
5207,292481,1
5208,340816,1
5209,78814,1
5210,297596,4
5211,297596,1
5212,299552,70
5213,299552,71
5214,299552,2
5215,11935,2
5216,11935,1
5217,113406,1
5218,447027,1
5219,290825,1
5220,361159,1
5221,12555,6
5222,12555,64
5223,31175,10
5224,12498,1
5225,77949,2
5226,1690,1
5227,8435,2
5228,64720,1
5229,49365,1
5230,11404,2
5231,300706,1
5232,16337,1
5233,11577,1
5234,77987,17
5235,77987,41
5236,77987,30
5237,77987,63
5238,77987,1
5239,40185,17
5240,68202,1
5241,8981,2
5242,10914,12
5243,10914,2
5244,10914,1
5245,50848,17
5246,166624,12
5247,166624,34
5248,10822,1
5249,10822,21
5250,10822,17
5251,10844,9
5252,9336,1
5253,5689,1
5254,712,2
5255,13342,1
5256,10339,1
5257,1429,1
5258,9303,1
5259,641,1
5260,27686,1
5261,65749,57
5262,65749,21
5263,6106,2
5264,6106,1
5265,252680,1
5266,141,1
5267,17139,20
5268,17139,18
5269,12079,1
5270,39800,1
5271,4550,45
5272,62116,17
5273,9991,2
5274,9991,1
5275,13807,23
5276,68818,72
5277,68818,17
5278,68818,21
5279,68818,2
5280,12093,41
5281,12093,30
5282,36419,1
5283,281730,19
5284,510,1
5285,362105,1
5286,10970,1
5287,375290,19
5288,17663,1
5289,270938,1
5290,116613,2
5291,11826,21
5292,11826,2
5293,29920,41
5294,29920,30
5295,29920,10
5296,1088,9
5297,26379,19
5298,34069,36
5299,10947,1
5300,47452,12
5301,47452,2
5302,3040,32
5303,11386,14
5304,11386,2
5305,11386,25
5306,10246,1
5307,10246,12
5308,29426,12
5309,29426,1
5310,10331,1
5311,153,14
5312,153,1
5313,703,1
5314,27191,1
5315,1365,1
5316,287424,36
5317,287424,1
5318,451,1
5319,165864,1
5320,987,1
5321,241251,1
5322,40494,1
5323,39781,1
5324,8337,1
5325,5925,1
5326,8357,1
5327,146203,1
5328,85350,1
5329,512,2
5330,13408,1
5331,47816,1
5332,10744,1
5333,11536,1
5334,9782,1
5335,18713,1
5336,6537,21
5337,6537,34
5338,184345,1
5339,1809,10
5340,1809,1
5341,2370,1
5342,9809,1
5343,5,1
5344,11013,1
5345,19153,1
5346,10132,12
5347,10132,1
5348,16448,1
5349,15122,1
5350,8141,1
5351,1546,1
5352,48572,1
5353,14517,2
5354,14517,1
5355,89708,1
5356,27551,13
5357,27551,1
5358,64678,1
5359,309503,1
5360,14293,1
5361,15059,2
5362,15059,1
5363,103328,17
5364,157847,1
5365,25719,2
5366,48309,1
5367,27723,16
5368,27723,1
5369,242575,34
5370,242575,10
5371,44945,1
5372,29122,1
5373,125123,2
5374,111190,17
5375,111190,16
5376,133575,1
5377,54580,21
5378,54580,17
5379,54580,13
5380,52015,1
5381,34941,1
5382,227975,46
5383,227975,10
5384,60422,1
5385,81390,2
5386,10981,12
5387,225235,32
5388,14902,1
5389,121676,12
5390,121676,10
5391,121676,31
5392,22301,1
5393,257087,1
5394,46420,16
5395,114635,1
5396,158150,1
5397,251979,31
5398,874,2
5399,10774,1
5400,770,1
5401,266102,26
5402,266102,33
5403,266102,22
5404,266102,2
5405,29715,1
5406,25209,1
5407,37495,2
5408,29262,46
5409,34769,12
5410,34769,2
5411,34769,1
5412,35032,1
5413,5178,41
5414,5178,17
5415,5178,40
5416,5178,1
5417,8618,2
5418,3116,1
5419,9427,2
5420,813,1
5421,352978,1
5422,10634,1
5423,9516,1
5424,16288,1
5425,23330,1
5426,18900,1
5427,27029,1
5428,26268,1
5429,573,2
5430,310131,12
5431,310131,1
5432,40505,1
5433,11363,1
5434,3033,2
5435,3033,1
5436,25376,57
5437,25376,21
5438,22007,1
5439,765,1
5440,10615,1
5441,205321,1
5442,89540,34
5443,46146,29
5444,38007,1
5445,14256,1
5446,540,1
5447,370464,1
5448,20055,1
5449,224569,1
5450,39303,1
5451,142061,1
5452,370662,1
5453,252360,44
5454,252360,12
5455,256740,1
5456,299145,1
5457,241766,2
5458,12535,1
5459,1667,17
5460,50839,1
5461,13973,1
5462,244786,1
5463,598,46
5464,598,17
5465,11129,2
5466,11129,25
5467,75861,1
5468,13551,1
5469,103663,41
5470,103663,30
5471,850,1
5472,850,12
5473,12586,34
5474,12586,1
5475,11564,12
5476,301748,1
5477,108346,2
5478,108346,1
5479,8841,17
5480,805,1
5481,11697,1
5482,22051,1
5483,436,73
5484,436,74
5485,436,1
5486,55347,1
5487,10070,1
5488,8469,1
5489,658,2
5490,658,1
5491,125490,12
5492,1585,1
5493,627,2
5494,23618,1
5495,41436,1
5496,10162,17
5497,10162,2
5498,10162,1
5499,1430,1
5500,259943,11
5501,10014,1
5502,11257,2
5503,158015,17
5504,158015,1
5505,82507,1
5506,20337,1
5507,261,1
5508,1685,1
5509,20737,12
5510,20737,1
5511,10991,14
5512,10225,1
5513,826,2
5514,826,1
5515,34086,1
5516,5854,1
5517,284,1
5518,10285,1
5519,5780,1
5520,292,1
5521,223485,9
5522,223485,2
5523,29463,1
5524,18065,1
5525,22013,1
5526,821,10
5527,821,1
5528,53862,1
5529,3089,1
5530,30139,1
5531,132344,60
5532,132344,1
5533,15582,1
5534,15158,1
5535,44634,1
5536,7509,12
5537,10557,2
5538,23531,1
5539,28005,2
5540,28005,19
5541,28005,1
5542,28005,14
5543,28005,10
5544,40247,1
5545,252,1
5546,24126,1
5547,13982,2
5548,13982,1
5549,16642,1
5550,17734,1
5551,18892,1
5552,549,1
5553,121986,46
5554,121986,1
5555,868,31
5556,10683,1
5557,17995,1
5558,246403,1
5559,670,45
5560,35691,1
5561,49010,1
5562,49010,12
5563,11229,1
5564,22488,1
5565,24469,2
5566,24469,20
5567,82533,1
5568,50942,1
5569,84174,1
5570,34099,1
5571,79940,1
5572,342,10
5573,38033,1
5574,100975,1
5575,38541,12
5576,38541,10
5577,38541,1
5578,234212,2
5579,234212,1
5580,27404,1
5581,71866,1
5582,192210,46
5583,192210,1
5584,180296,1
5585,157058,1
5586,70006,1
5587,26039,1
5588,79587,1
5589,79587,13
5590,176077,1
5591,260947,1
5592,342502,1
5593,43213,1
5594,44594,1
5595,666,46
5596,248,1
5597,325173,1
5598,351043,1
5599,43942,1
5600,10226,17
5601,66942,16
5602,356483,1
5603,10476,1
5604,239,1
5605,10281,1
5606,630,1
5607,3034,1
5608,13025,1
5609,21461,19
5610,55306,1
5611,17264,1
5612,346081,19
5613,16016,41
5614,15875,1
5615,5900,20
5616,43306,1
5617,11072,1
5618,9730,1
5619,209274,41
5620,209274,17
5621,209274,7
5622,209274,2
5623,26371,2
5624,14137,1
5625,291,17
5626,291,1
5627,14139,21
5628,33106,11
5629,8875,1
5630,872,1
5631,72914,1
5632,72914,16
5633,139038,1
5634,126509,1
5635,9591,1
5636,10676,1
5637,1687,1
5638,24748,1
5639,181330,1
5640,468,1
5641,401,1
5642,76,59
5643,76,36
5644,76,1
5645,50538,12
5646,25636,12
5647,25636,1
5648,19316,1
5649,21074,2
5650,21074,19
5651,84329,1
5652,20,12
5653,20,21
5654,157386,1
5655,13007,1
5656,13518,1
5657,46849,1
5658,17334,19
5659,17334,2
5660,17334,1
5661,1698,10
5662,20764,34
5663,20764,1
5664,45132,1
5665,76706,1
5666,254472,1
5667,254472,10
5668,332285,1
5669,49471,1
5670,13569,7
5671,13569,1
5672,7512,1
5673,356216,2
5674,11798,2
5675,146631,2
5676,43546,1
5677,61038,1
5678,78373,1
5679,17820,1
5680,283384,12
5681,283384,1
5682,19933,1
5683,756,1
5684,433715,1
5685,9728,1
5686,9731,1
5687,9916,1
5688,309425,1
5689,14156,1
5690,43610,1
5691,360339,38
5692,360339,21
5693,360339,1
5694,31163,2
5695,297621,1
5696,16205,12
5697,887,1
5698,9517,2
5699,9517,1
5700,9517,17
5701,6007,29
5702,364083,1
5703,8329,21
5704,347548,2
5705,322443,1
5706,657,2
5707,28165,1
5708,11561,1
5709,270303,1
5710,11624,1
5711,595,1
5712,8810,16
5713,12207,23
5714,226,1
5715,92182,17
5716,92182,1
5717,582,10
5718,72213,1
5719,990,1
5720,55604,1
5721,9662,17
5722,9662,18
5723,9662,12
5724,9662,2
5725,20862,12
5726,20862,1
5727,2771,1
5728,80,1
5729,55,34
5730,11023,1
5731,33667,1
5732,39013,1
5733,11194,2
5734,43839,1
5735,1382,1
5736,44639,1
5737,301351,2
5738,301351,1
5739,301351,17
5740,4816,1
5741,7873,1
5742,331190,1
5743,15186,1
5744,17994,2
5745,17994,1
5746,1378,1
5747,8885,65
5748,8885,17
5749,8885,10
5750,250124,1
5751,14284,2
5752,14284,1
5753,57120,1
5754,12228,1
5755,22617,1
5756,42889,1
5757,10656,17
5758,24363,1
5759,13121,1
5760,24746,1
5761,12109,12
5762,12109,2
5763,27023,1
5764,22913,2
5765,273899,1
5766,20653,19
5767,20653,1
5768,171759,1
5769,206296,1
5770,35219,1
5771,28260,1
5772,7515,2
5773,7515,1
5774,13075,1
5775,335866,1
5776,13510,2
5777,215881,1
5778,18238,2
5779,22600,31
5780,12612,2
5781,12612,25
5782,50698,12
5783,50698,1
5784,115210,25
5785,34335,1
5786,459488,2
5787,11302,1
5788,119458,1
5789,119458,23
5790,20406,1
5791,3766,1
5792,18616,1
5793,18808,1
5794,95755,1
5795,198062,1
5796,174311,1
5797,12602,10
5798,153795,1
5799,17768,2
5800,17768,1
5801,13516,1
5802,98549,1
5803,312793,1
5804,309919,1
5805,299553,1
5806,21309,1
5807,32235,1
5808,329540,12
5809,26388,21
5810,26388,1
5811,26388,17
5812,49020,2
5813,49020,1
5814,159037,2
5815,159037,1
5816,159037,75
5817,12838,17
5818,157293,19
5819,14048,2
5820,14048,1
5821,356987,9
5822,38358,1
5823,38358,17
5824,33511,12
5825,33511,2
5826,702,1
5827,935,2
5828,935,1
5829,542,34
5830,84175,1
5831,1705,1
5832,62677,1
5833,50875,1
5834,260778,19
5835,58492,1
5836,37232,76
5837,37232,2
5838,37232,16
5839,4929,1
5840,36334,1
5841,9783,1
5842,205126,12
5843,98557,1
5844,104,10
5845,10894,1
5846,246449,12
5847,32579,34
5848,32579,1
5849,1688,1
5850,1999,1
5851,43947,1
5852,24066,1
5853,9709,1
5854,191714,19
5855,191714,17
5856,191714,10
5857,25312,2
5858,25312,1
5859,34106,1
5860,11426,1
5861,13909,1
5862,206284,1
5863,27455,1
5864,7973,77
5865,7973,17
5866,283686,21
5867,283686,1
5868,283686,74
5869,15976,17
5870,15976,65
5871,592,1
5872,74084,19
5873,1651,17
5874,1651,13
5875,298584,1
5876,10758,1
5877,11690,1
5878,3083,1
5879,9344,1
5880,10707,1
5881,15647,1
5882,308529,1
5883,4174,1
5884,20156,12
5885,9464,1
5886,49018,1
5887,49018,12
5888,13820,1
5889,18079,57
5890,17113,1
5891,129139,1
5892,507,17
5893,507,1
5894,4012,1
5895,14054,1
5896,10972,1
5897,13066,1
5898,66025,1
5899,11908,1
5900,3082,1
5901,1961,1
5902,291362,1
5903,30082,1
5904,72913,1
5905,23963,12
5906,29406,1
5907,104755,12
5908,104755,1
5909,104755,2
5910,253306,9
5911,29595,1
5912,137347,13
5913,137347,7
5914,137347,33
5915,137347,1
5916,290370,12
5917,356841,1
5918,301325,1
5919,347755,1
5920,408,1
5921,44413,57
5922,44413,13
5923,44413,20
5924,44413,21
5925,39209,1
5926,39209,10
5927,394047,1
5928,312791,12
5929,266034,17
5930,280381,1
5931,2661,1
5932,100,2
5933,218500,1
5934,309,41
5935,309,30
5936,100275,12
5937,100275,41
5938,295914,78
5939,42033,12
5940,19187,1
5941,46415,19
5942,38570,1
5943,27588,1
5944,223,1
5945,9725,1
5946,28580,1
5947,23730,1
5948,46256,1
5949,19997,1
5950,43266,1
5951,278316,1
5952,1412,1
5953,176,1
5954,39939,1
5955,357834,79
5956,357834,1
5957,215924,34
5958,215924,17
5959,480,19
5960,14295,1
5961,11219,1
5962,20770,1
5963,176124,1
5964,500,1
5965,60400,1
5966,429,1
5967,429,13
5968,429,21
5969,429,10
5970,310569,46
5971,98369,1
5972,89750,1
5973,89750,12
5974,86331,17
5975,15544,1
5976,43884,1
5977,107315,12
5978,137955,12
5979,13064,1
5980,157422,1
5981,7553,1
5982,12877,2
5983,39895,1
5984,55616,12
5985,29697,31
5986,50037,12
5987,94329,80
5988,94329,1
5989,94329,17
5990,289,1
5991,27374,16
5992,26815,19
5993,811,1
5994,1366,1
5995,244776,29
5996,244776,1
5997,5769,2
5998,277685,1
5999,103,1
6000,11298,1
6001,646,3
6002,646,2
6003,93856,1
6004,9003,2
6005,347126,1
6006,10092,1
6007,10643,14
6008,46705,1
6009,546,1
6010,76487,1
6011,5722,1
6012,39833,1
6013,1781,1
6014,18712,1
6015,7944,2
6016,7944,1
6017,171424,12
6018,171424,56
6019,171424,1
6020,361475,17
6021,361475,2
6022,113947,1
6023,18570,1
6024,83860,1
6025,41469,1
6026,244772,1
6027,50837,1
6028,248774,1
6029,10183,1
6030,159014,1
6031,32456,1
6032,49963,10
6033,49963,2
6034,49963,1
6035,13508,1
6036,22597,1
6037,9707,1
6038,26791,1
6039,56666,19
6040,8675,14
6041,8675,1
6042,13132,1
6043,47686,1
6044,192132,1
6045,24424,65
6046,24424,10
6047,13198,2
6048,13198,1
6049,244267,1
6050,21413,1
6051,123678,41
6052,123678,29
6053,123678,2
6054,13362,2
6055,62402,81
6056,62402,1
6057,201132,9
6058,251471,1
6059,251471,41
6060,20296,19
6061,25983,1
6062,66195,1
6063,16155,1
6064,46727,1
6065,55180,1
6066,29015,1
6067,18206,1
6068,320146,1
6069,13856,1
6070,43630,1
6071,56491,1
6072,99826,1
6073,186935,34
6074,357441,37
6075,19344,1
6076,242083,1
6077,18869,1
6078,26673,1
6079,41830,2
6080,63287,1
6081,335874,1
6082,34592,1
6083,258755,21
6084,96534,1
6085,21283,1
6086,272724,1
6087,84178,1
6088,101179,2
6089,269057,12
6090,287524,1
6091,206213,1
6092,29146,1
6093,207769,1
6094,207769,10
6095,271185,1
6096,654,1
6097,91070,12
6098,91070,1
6099,2009,18
6100,2009,33
6101,2652,1
6102,9813,1
6103,60421,17
6104,60421,82
6105,60421,1
6106,157354,1
6107,127867,1
6108,3170,1
6109,14014,1
6110,15708,1
6111,146882,83
6112,146882,17
6113,215918,1
6114,84200,1
6115,84184,1
6116,45767,1
6117,14823,2
6118,367551,1
6119,343409,1
6120,60243,82
6121,60243,17
6122,57294,2
6123,11446,1
6124,47889,1
6125,25461,1
6126,905,10
6127,78705,57
6128,25212,1
6129,26899,1
6130,292483,1
6131,14451,29
6132,10105,1
6133,211557,1
6134,838,1
6135,13158,1
6136,84332,1
6137,74510,1
6138,74725,2
6139,58428,1
6140,8416,13
6141,8416,10
6142,8416,17
6143,13429,2
6144,9022,1
6145,288,1
6146,14275,1
6147,2287,1
6148,18734,1
6149,26837,1
6150,7859,1
6151,302579,1
6152,51955,1
6153,158752,1
6154,296943,1
6155,118612,1
6156,323967,1
6157,3080,1
6158,2667,1
6159,9459,1
6160,11598,1
6161,181940,1
6162,324322,2
6163,375950,17
6164,278348,1
6165,704,2
6166,75986,1
6167,385636,8
6168,14438,1
6169,211086,17
6170,211086,19
6171,23069,1
6172,83,1
6173,89857,1
6174,30315,1
6175,14358,1
6176,2056,1
6177,41144,1
6178,14271,1
6179,16653,1
6180,14757,84
6181,14757,25
6182,14757,14
6183,23655,1
6184,36825,1
6185,12281,1
6186,125052,1
6187,30246,1
6188,172533,1
6189,180383,1
6190,346,14
6191,45145,36
6192,45145,17
6193,45145,1
6194,13983,1
6195,45649,17
6196,45649,85
6197,19844,1
6198,21801,1
6199,43933,2
6200,73511,1
6201,139715,1
6202,45380,11
6203,45380,23
6204,30867,17
6205,30867,2
6206,30867,1
6207,81220,1
6208,253626,1
6209,90369,2
6210,117942,1
6211,322194,1
6212,98568,1
6213,119657,86
6214,380733,1
6215,285743,1
6216,362765,1
6217,379532,1
6218,253261,1
6219,253261,2
6220,15239,1
6221,4107,25
6222,4107,2
6223,15624,2
6224,15624,1
6225,17287,1
6226,3062,1
6227,15389,1
6228,464,30
6229,8193,1
6230,188166,1
6231,23827,1
6232,1282,1
6233,762,2
6234,64499,1
6235,1435,1
6236,189711,1
6237,19204,13
6238,9029,1
6239,18045,12
6240,11240,2
6241,157909,12
6242,157909,1
6243,10238,30
6244,3059,1
6245,15800,1
6246,65203,1
6247,764,1
6248,103620,17
6249,103620,1
6250,319069,10
6251,319069,65
6252,14278,1
6253,25678,1
6254,371690,1
6255,389,1
6256,52032,1
6257,3078,1
6258,38810,60
6259,21525,1
6260,55123,1
6261,11980,1
6262,11956,17
6263,1550,1
6264,26518,1
6265,8942,1
6266,68412,1
6267,2786,17
6268,2786,13
6269,87943,87
6270,87943,2
6271,73981,19
6272,73981,36
6273,73981,10
6274,91721,1
6275,118452,1
6276,13282,1
6277,250184,1
6278,324352,1
6279,318040,1
6280,318040,17
6281,27420,1
6282,80468,1
6283,84188,1
6284,2255,1
6285,50035,1
6286,14290,1
6287,29371,1
6288,44490,1
6289,32222,1
6290,32222,19
6291,378237,1
6292,431,12
6293,76996,16
6294,51942,1
6295,1424,1
6296,60420,1
6297,142132,2
6298,142132,1
6299,20520,1
6300,109729,1
6301,78307,1
6302,12247,1
6303,29917,2
6304,60463,1
6305,24869,1
6306,77934,1
6307,34697,1
6308,306667,1
6309,274758,1
6310,3060,1
6311,40963,1
6312,173224,1
6313,18533,2
6314,376010,1
6315,139948,1
6316,35073,1
6317,9659,16
6318,10218,1
6319,391,13
6320,391,10
6321,391,21
6322,43595,1
6323,54897,1
6324,83588,1
6325,53256,10
6326,40920,1
6327,54702,1
6328,176074,1
6329,69270,10
6330,69270,1
6331,5759,1
6332,402515,1
6333,126141,17
6334,48035,41
6335,14758,1
6336,13363,1
6337,37985,1
6338,36549,1
6339,361398,1
6340,289180,1
6341,289180,57
6342,288927,1
6343,21334,82
6344,79120,2
6345,27995,1
6346,253290,1
6347,344466,33
6348,55420,1
6349,5822,1
6350,39141,1
6351,5723,25
6352,28666,1
6353,50497,2
6354,354624,1
6355,13187,1
6356,335244,1
6357,178862,1
6358,331745,1
6359,1779,1
6360,282128,1
6361,86812,1
6362,84355,1
6363,18632,12
6364,40652,17
6365,339408,1
6366,266857,1
6367,18925,1
6368,299245,1
6369,985,1
6370,9821,1
6371,18841,1
6372,175291,1
6373,80215,12
6374,13538,2
6375,51130,1
6376,270554,1
6377,72086,30
6378,72086,1
6379,268917,1
6380,64973,1
6381,473,1
6382,90414,1
6383,111794,1
6384,360188,1
6385,9372,1
6386,85860,1
6387,244534,1
6388,33468,1
6389,294086,1
6390,74777,1
6391,16388,1
6392,159770,12
6393,42109,46
6394,47607,1
6395,193603,1
6396,322745,1
6397,20981,2
6398,242095,1
6399,250902,1
6400,158895,1
6401,18292,1
6402,125537,1
6403,13963,1
6404,290391,1
6405,42151,2
6406,2292,1
6407,42497,1
6408,33693,1
6409,14585,12
6410,14585,1
6411,185465,1
6412,38780,12
6413,38780,10
6414,14022,1
6415,255266,1
6416,17345,1
6417,226458,1
6418,287625,88
6419,44990,1
6420,692,1
6421,39851,2
6422,39851,17
6423,39851,12
6424,13898,82
6425,157185,25
6426,36095,14
6427,182291,1
6428,286939,1
6429,124606,1
6430,14337,1
6431,9367,34
6432,9367,1
6433,231617,1
6434,126186,1
6435,126186,11
6436,25975,1
