id,movie_id,language_id
1,19995,1
2,19995,2
3,285,1
4,206647,3
5,206647,1
6,206647,2
7,206647,4
8,206647,5
9,49026,1
10,49529,1
11,559,1
12,559,3
13,38757,1
14,99861,1
15,767,1
16,209112,1
17,1452,1
18,1452,3
19,1452,5
20,10764,1
21,10764,2
22,10764,4
23,10764,3
24,10764,5
25,58,1
26,58,6
27,58,7
28,58,8
29,57201,1
30,49521,1
31,2454,1
32,24428,1
33,1865,1
34,1865,2
35,41154,1
36,122917,1
37,1930,1
38,20662,1
39,20662,9
40,57158,1
41,2268,10
42,2268,1
43,2268,11
44,2268,3
45,254,1
46,597,1
47,597,3
48,597,5
49,597,12
50,597,4
51,597,11
52,271110,13
53,271110,1
54,271110,5
55,271110,11
56,44833,1
57,44833,9
58,135397,1
59,37724,1
60,558,1
61,558,11
62,558,8
63,68721,1
64,12155,1
65,36668,1
66,62211,1
67,8373,1
68,8373,2
69,91314,1
70,68728,1
71,102382,1
72,20526,1
73,49013,1
74,49013,14
75,49013,4
76,49013,3
77,44912,1
78,10193,1
79,10193,2
80,534,1
81,534,4
82,168259,1
83,72190,1
84,127585,1
85,54138,1
86,81005,1
87,64682,1
88,9543,1
89,68726,1
90,38356,1
91,217,1
92,217,5
93,217,11
94,105864,1
95,62177,1
96,188927,1
97,10681,1
98,5174,15
99,5174,1
100,5174,3
101,5174,14
102,5174,8
103,14161,1
104,14161,3
105,14161,16
106,14161,4
107,14161,15
108,14161,8
109,14161,17
110,14161,11
111,14161,18
112,17979,1
113,76757,1
114,258489,1
115,411,1
116,411,5
117,246655,1
118,155,1
119,155,8
120,14160,1
121,15512,1
122,1726,1
123,1726,19
124,1726,20
125,1726,21
126,44826,1
127,8487,1
128,1735,1
129,1735,8
130,1735,22
131,297761,1
132,2698,1
133,137113,1
134,9804,1
135,9804,5
136,9804,2
137,14869,1
138,14869,3
139,14869,23
140,150540,1
141,278927,1
142,10138,1
143,10138,11
144,10138,3
145,58595,1
146,102651,1
147,119450,1
148,79698,1
149,64686,1
150,64686,14
151,100402,1
152,10192,1
153,158852,1
154,177572,1
155,82690,1
156,5255,1
157,47933,1
158,10191,1
159,296,1
160,118340,1
161,157336,1
162,27205,1
163,27205,14
164,27205,3
165,315011,4
166,315011,5
167,315011,1
168,315011,14
169,49051,1
170,9799,1
171,4922,1
172,49538,5
173,49538,1
174,49538,2
175,49538,3
176,49538,11
177,131634,1
178,27022,1
179,503,1
180,503,2
181,241259,1
182,810,3
183,68735,1
184,87101,1
185,10140,1
186,676,3
187,676,1
188,676,14
189,1858,2
190,1858,1
191,1966,1
192,675,1
193,674,1
194,674,3
195,8960,1
196,8960,14
197,6479,1
198,118,1
199,2062,1
200,272,1
201,272,20
202,272,8
203,10527,1
204,10527,4
205,10527,9
206,18360,1
207,2080,1
208,605,1
209,605,3
210,109445,1
211,604,1
212,76338,1
213,76341,1
214,13448,1
215,13448,4
216,13448,15
217,13448,3
218,13448,5
219,13448,8
220,10195,1
221,13053,1
222,19585,1
223,57165,1
224,62213,1
225,177677,5
226,177677,1
227,177677,12
228,7978,1
229,5559,1
230,49444,1
231,10196,1
232,956,5
233,956,1
234,956,4
235,956,8
236,956,24
237,956,25
238,117251,1
239,50321,1
240,11619,1
241,266647,1
242,82703,1
243,652,1
244,80321,1
245,80321,2
246,80321,9
247,36669,1
248,36669,26
249,36669,25
250,36669,5
251,36669,2
252,36669,10
253,36669,4
254,43074,1
255,95,1
256,95,11
257,608,1
258,2310,1
259,140300,1
260,56292,1
261,56292,11
262,56292,3
263,56292,21
264,56292,12
265,81188,3
266,81188,1
267,7552,1
268,616,1
269,616,14
270,147441,1
271,13475,1
272,557,1
273,82702,1
274,205584,1
275,10048,1
276,10048,5
277,10048,26
278,10048,11
279,10048,2
280,13183,1
281,944,1
282,944,25
283,944,8
284,1927,1
285,1927,2
286,72559,1
287,7364,1
288,7364,3
289,7364,21
290,2114,1
291,1771,3
292,1771,27
293,1771,1
294,36643,1
295,36643,11
296,8619,3
297,8619,17
298,8619,1
299,50620,1
300,65759,1
301,1724,17
302,1724,2
303,1724,1
304,267935,1
305,281957,1
306,281957,3
307,77950,1
308,44896,1
309,270946,1
310,2503,1
311,2503,3
312,2503,21
313,2503,11
314,2503,2
315,9502,1
316,102899,1
317,101299,1
318,228161,1
319,74,1
320,8961,1
321,8961,2
322,417859,2
323,417859,1
324,27576,1
325,27576,11
326,27576,26
327,86834,1
328,17578,1
329,673,1
330,6972,1
331,6972,14
332,82700,1
333,10567,1
334,181533,1
335,38055,1
336,671,1
337,49524,1
338,22,1
339,131631,1
340,591,1
341,591,3
342,591,15
343,591,2
344,172385,1
345,172385,17
346,36658,1
347,36658,5
348,36658,4
349,51497,1
350,51497,2
351,51497,17
352,51497,4
353,58574,1
354,18823,1
355,861,1
356,1911,1
357,1911,27
358,49040,1
359,49040,11
360,415,1
361,8871,1
362,435,1
363,435,14
364,435,3
365,435,21
366,435,2
367,955,1
368,2133,1
369,1979,1
370,1979,14
371,1979,21
372,1979,8
373,87827,8
374,87827,1
375,87827,3
376,87827,16
377,87827,14
378,87827,28
379,1250,1
380,324668,1
381,9471,1
382,9471,8
383,9471,2
384,70981,23
385,70981,1
386,10996,1
387,68724,1
388,2789,1
389,97020,1
390,7459,1
391,42888,1
392,37834,1
393,37834,5
394,37834,2
395,75612,1
396,1895,1
397,1894,1
398,585,1
399,76170,1
400,1893,1
401,49519,1
402,2395,3
403,2395,17
404,12100,1
405,12100,14
406,12100,29
407,290595,1
408,98566,1
409,49047,1
410,9619,1
411,308531,1
412,166424,1
413,1593,1
414,1593,4
415,1593,30
416,254128,1
417,714,5
418,714,1
419,714,31
420,714,8
421,714,25
422,2024,1
423,163,3
424,163,4
425,163,32
426,163,8
427,163,1
428,787,1
429,787,2
430,262500,1
431,2567,1
432,38745,1
433,40805,1
434,40805,8
435,53182,1
436,41513,1
437,13700,8
438,13700,1
439,262504,1
440,39254,1
441,77931,1
442,1639,1
443,1639,17
444,80274,1
445,1571,1
446,1571,4
447,1571,3
448,120,1
449,10204,5
450,10204,1
451,10204,3
452,10204,16
453,10204,6
454,10204,25
455,8489,1
456,10588,1
457,2048,1
458,1495,21
459,1495,1
460,1495,4
461,1495,15
462,10137,1
463,10198,3
464,10198,1
465,286217,1
466,286217,8
467,1635,1
468,24113,1
469,9679,1
470,98,1
471,180,1
472,180,12
473,672,1
474,36557,1
475,36557,3
476,869,1
477,280,1
478,280,2
479,11322,1
480,4982,1
481,36955,1
482,36955,3
483,36955,21
484,36955,5
485,18487,1
486,39451,1
487,27581,1
488,9268,1
489,68718,1
490,68718,3
491,68718,5
492,10545,15
493,10545,1
494,11688,1
495,76163,1
496,2059,15
497,2059,1
498,2059,2
499,2486,1
500,16523,1
501,116711,1
502,37710,1
503,37710,3
504,37710,4
505,37710,11
506,37710,2
507,9946,1
508,9946,4
509,9946,15
510,1372,33
511,1372,1
512,106646,3
513,106646,1
514,414,1
515,563,1
516,83542,1
517,41216,1
518,314,2
519,314,1
520,184315,1
521,9016,1
522,18162,1
523,138103,1
524,257088,1
525,10214,1
526,205775,1
527,11692,1
528,22972,1
529,22972,21
530,227973,1
531,29193,1
532,1734,1
533,1734,21
534,3131,1
535,3131,34
536,3131,15
537,3131,8
538,76758,8
539,76758,14
540,76758,1
541,9408,1
542,9890,1
543,855,1
544,855,35
545,77953,1
546,18,1
547,18,12
548,18,5
549,37786,1
550,37786,21
551,10501,1
552,57800,1
553,150689,1
554,7980,1
555,12,1
556,122,1
557,121,1
558,68737,1
559,1995,1
560,157353,1
561,331,1
562,331,2
563,61791,1
564,8204,1
565,47964,1
566,47964,11
567,10733,1
568,10733,2
569,9806,3
570,9806,1
571,1408,1
572,1408,15
573,32657,1
574,607,1
575,607,2
576,863,1
577,44048,1
578,5175,25
579,5175,1
580,5175,8
581,2655,1
582,22794,1
583,8355,1
584,116745,1
585,4327,1
586,4327,5
587,4327,36
588,4327,14
589,4327,25
590,1422,1
591,1422,25
592,10674,1
593,10674,8
594,7446,1
595,7446,8
596,65754,1
597,1572,1
598,1572,5
599,1572,13
600,10528,1
601,10528,3
602,271969,1
603,10865,1
604,10865,3
605,10865,2
606,258509,1
607,2253,1
608,2253,5
609,10661,1
610,10661,30
611,257344,1
612,644,1
613,10756,1
614,686,1
615,9383,1
616,179,1
617,179,3
618,179,17
619,76285,1
620,1996,1
621,1996,8
622,291805,8
623,291805,1
624,10003,1
625,10003,11
626,1535,25
627,1535,1
628,1535,5
629,1535,21
630,1535,3
631,2067,1
632,46195,1
633,46195,17
634,2277,1
635,10357,5
636,10357,2
637,10357,1
638,4477,1
639,8665,1
640,9387,1
641,921,1
642,49852,31
643,49852,1
644,4464,1
645,664,1
646,8358,11
647,8358,1
648,9836,1
649,2502,1
650,2502,11
651,2502,5
652,2502,4
653,9772,1
654,9772,11
655,161,4
656,161,1
657,52451,1
658,76492,1
659,4523,1
660,59961,1
661,59961,33
662,59961,2
663,10481,1
664,59108,1
665,1581,1
666,9798,1
667,22897,1
668,22897,3
669,298,2
670,298,1
671,298,3
672,7484,1
673,157350,1
674,853,5
675,853,1
676,853,11
677,10159,17
678,10159,1
679,9593,1
680,1904,1
681,1904,14
682,9615,1
683,9615,14
684,51052,1
685,297,1
686,9884,1
687,9884,2
688,16858,1
689,62764,1
690,22538,1
691,9341,1
692,12107,1
693,9637,1
694,49049,1
695,9339,1
696,9339,17
697,9339,14
698,16281,1
699,16281,4
700,39691,1
701,39691,9
702,8247,3
703,11253,1
704,1949,1
705,8452,1
706,310,1
707,27578,1
708,27578,2
709,954,1
710,954,3
711,954,24
712,70160,1
713,45243,1
714,45243,9
715,364,1
716,7518,1
717,11544,1
718,9986,1
719,8656,1
720,146216,1
721,146216,3
722,146216,11
723,9291,1
724,55301,1
725,109418,1
726,11665,1
727,11665,11
728,6964,3
729,6964,1
730,11324,1
731,11324,5
732,12193,1
733,9928,1
734,9928,4
735,754,1
736,754,15
737,10202,1
738,4147,1
739,50546,1
740,1701,1
741,13027,1
742,2289,1
743,20504,1
744,9574,1
745,11618,1
746,2300,1
747,12096,1
748,10200,8
749,10200,1
750,8834,1
751,228150,1
752,6068,1
753,6068,5
754,6068,9
755,41515,1
756,9023,1
757,38317,1
758,2157,1
759,14462,1
760,161795,1
761,159824,1
762,159824,9
763,49948,1
764,2135,1
765,9822,37
766,9822,1
767,9705,5
768,9705,1
769,1656,1
770,1656,4
771,1656,2
772,12159,1
773,9678,1
774,9678,3
775,4442,1
776,4442,3
777,4442,5
778,4442,4
779,75,1
780,75,3
781,330770,3
782,9433,1
783,9433,3
784,9433,11
785,19959,1
786,19959,3
787,11973,1
788,11973,11
789,11228,1
790,77951,1
791,5491,1
792,5491,3
793,10715,1
794,10197,1
795,10197,3
796,10197,4
797,9562,1
798,9562,3
799,9922,1
800,9922,3
801,9447,1
802,274854,1
803,8870,1
804,9992,1
805,36970,3
806,10077,1
807,10077,8
808,76649,1
809,453,1
810,8587,1
811,72545,1
812,109451,1
813,9533,1
814,2023,1
815,71880,1
816,584,1
817,584,2
818,309809,1
819,4858,11
820,4858,1
821,17711,11
822,328111,1
823,8698,1
824,8698,5
825,8698,4
826,93456,1
827,602,1
828,330,1
829,953,1
830,953,3
831,953,17
832,953,2
833,953,9
834,9693,1
835,36657,1
836,8909,1
837,9802,1
838,950,1
839,1824,1
840,2976,1
841,11026,1
842,332,1
843,332,27
844,332,3
845,332,2
846,75656,3
847,75656,1
848,38365,1
849,594,38
850,594,1
851,594,3
852,594,11
853,594,2
854,15189,1
855,11678,1
856,11678,20
857,6538,21
858,6538,1
859,6538,11
860,6538,20
861,6538,30
862,10555,1
863,1125,1
864,4551,1
865,4551,11
866,612,21
867,612,5
868,612,7
869,612,1
870,612,3
871,612,30
872,612,4
873,612,11
874,9567,1
875,37821,1
876,203801,4
877,203801,1
878,203801,11
879,203801,5
880,2539,2
881,2539,1
882,9297,1
883,3172,1
884,6520,1
885,6520,3
886,1439,1
887,1439,9
888,37958,7
889,37958,1
890,2026,1
891,7450,1
892,7450,8
893,11375,1
894,9425,1
895,25769,1
896,23685,1
897,11866,1
898,9741,1
899,211672,1
900,23629,1
901,23629,5
902,8688,24
903,8688,1
904,10153,1
905,153518,1
906,8676,1
907,20829,1
908,4349,21
909,4349,1
910,9718,1
911,10808,1
912,197,1
913,197,3
914,197,15
915,197,23
916,25,1
917,25,2
918,25,21
919,25,15
920,35,1
921,11086,1
922,10477,1
923,10477,5
924,10477,2
925,1997,1
926,1997,3
927,1997,9
928,6947,1
929,3050,1
930,2675,1
931,2675,17
932,809,1
933,920,1
934,920,4
935,920,14
936,920,39
937,4806,1
938,7451,24
939,7451,1
940,7451,5
941,7451,2
942,7451,11
943,228165,1
944,3595,1
945,16869,5
946,16869,1
947,16869,3
948,16869,4
949,879,1
950,1573,1
951,1573,2
952,9257,1
953,9257,2
954,9257,3
955,1903,1
956,9697,1
957,395,4
958,395,1
959,23398,1
960,23398,3
961,10590,1
962,10590,40
963,10590,3
964,117263,1
965,117263,26
966,200,1
967,44943,1
968,587,1
969,10395,1
970,57212,1
971,152760,1
972,152760,5
973,152760,11
974,152760,3
975,2756,1
976,33909,1
977,49017,1
978,9882,2
979,9882,1
980,9882,21
981,2270,1
982,978,1
983,44564,1
984,3132,1
985,8814,14
986,8814,1
987,8427,1
988,8427,41
989,8427,11
990,52520,1
991,52520,11
992,80585,1
993,80585,9
994,10592,1
995,10592,5
996,49021,1
997,11535,5
998,11535,3
999,11535,14
1000,11535,26
1001,11535,11
1002,11535,21
1003,11535,1
1004,10550,1
1005,10550,2
1006,11258,1
1007,12610,1
1008,59981,1
1009,201088,1
1010,201088,4
1011,201088,8
1012,201088,2
1013,5137,18
1014,5137,5
1015,5137,1
1016,3093,1
1017,3093,5
1018,107846,1
1019,107846,5
1020,107846,21
1021,107846,20
1022,188207,1
1023,4614,21
1024,4614,1
1025,4614,11
1026,4614,42
1027,4614,5
1028,24021,1
1029,11371,1
1030,11371,3
1031,20352,1
1032,11517,1
1033,214756,1
1034,26428,1
1035,9824,1
1036,48988,1
1037,9008,21
1038,9008,1
1039,9008,14
1040,9008,19
1041,300673,1
1042,12113,21
1043,12113,1
1044,38778,1
1045,72331,1
1046,1844,1
1047,846,1
1048,9703,1
1049,857,24
1050,857,5
1051,857,1
1052,857,3
1053,136797,1
1054,3981,1
1055,3981,3
1056,425,1
1057,6171,1
1058,72976,1
1059,603,1
1060,568,1
1061,9021,1
1062,82695,1
1063,9489,1
1064,12133,1
1065,12133,2
1066,9342,1
1067,41733,1
1068,41733,2
1069,227306,4
1070,227306,1
1071,227306,14
1072,5551,1
1073,9350,1
1074,9208,1
1075,4244,1
1076,1852,1
1077,11820,1
1078,76493,1
1079,76493,30
1080,345,1
1081,196867,1
1082,256591,1
1083,59962,1
1084,36648,43
1085,36648,1
1086,1880,1
1087,1880,11
1088,1880,2
1089,9440,1
1090,71679,1
1091,10483,1
1092,11412,1
1093,11983,1
1094,6795,1
1095,550,1
1096,11170,1
1097,9292,1
1098,9292,4
1099,10783,1
1100,100241,1
1101,257,1
1102,9947,1
1103,9947,14
1104,189,1
1105,12618,1
1106,253412,1
1107,1427,1
1108,818,1
1109,818,14
1110,818,5
1111,818,3
1112,16577,1
1113,329,1
1114,329,2
1115,12160,1
1116,9331,1
1117,300168,1
1118,300168,8
1119,9072,1
1120,3536,1
1121,3536,3
1122,3536,5
1123,3536,11
1124,9087,1
1125,12177,1
1126,12138,1
1127,273248,2
1128,273248,1
1129,9955,1
1130,9955,14
1131,50359,1
1132,50359,14
1133,50359,9
1134,1271,1
1135,693,1
1136,14306,1
1137,497,3
1138,497,1
1139,11199,1
1140,9982,1
1141,210577,1
1142,2501,1
1143,2501,3
1144,2501,5
1145,2501,32
1146,2501,4
1147,710,1
1148,710,11
1149,710,2
1150,2275,1
1151,37165,1
1152,9837,30
1153,9837,1
1154,10708,1
1155,136400,2
1156,136400,1
1157,10992,1
1158,10992,3
1159,10992,5
1160,10992,9
1161,9654,42
1162,9654,1
1163,9654,4
1164,2642,1
1165,8916,1
1166,19899,1
1167,2119,1
1168,9641,1
1169,294254,1
1170,38167,17
1171,38167,1
1172,38167,4
1173,5994,1
1174,39514,1
1175,39514,11
1176,9563,1
1177,547,1
1178,1538,2
1179,1538,1
1180,9334,1
1181,9334,9
1182,11128,1
1183,75780,1
1184,8914,1
1185,13576,1
1186,39538,1
1187,39538,25
1188,39538,8
1189,10628,1
1190,14836,1
1191,8645,1
1192,8645,3
1193,9509,1
1194,9509,2
1195,10067,1
1196,9384,1
1197,9384,26
1198,9279,1
1199,1487,11
1200,1487,1
1201,9422,1
1202,77174,1
1203,4824,1
1204,4824,11
1205,9620,1
1206,9302,3
1207,10199,1
1208,10771,25
1209,10771,1
1210,3512,1
1211,137094,1
1212,274479,2
1213,274479,1
1214,267860,1
1215,8078,1
1216,7485,1
1217,170687,1
1218,6435,1
1219,137106,1
1220,10040,1
1221,6278,1
1222,82682,1
1223,17610,1
1224,22954,1
1225,16995,25
1226,16995,1
1227,16558,1
1228,16558,5
1229,16558,11
1230,16558,2
1231,9849,1
1232,9849,4
1233,5820,1
1234,16866,1
1235,16866,2
1236,201,1
1237,11775,3
1238,11775,1
1239,87825,1
1240,12201,1
1241,11015,1
1242,9932,1
1243,13389,11
1244,13389,1
1245,13389,2
1246,8838,1
1247,17332,1
1248,4958,1
1249,786,1
1250,9513,1
1251,9513,17
1252,11679,1
1253,38321,17
1254,38321,1
1255,38321,9
1256,14411,25
1257,14411,1
1258,14411,4
1259,8413,1
1260,8413,15
1261,10052,1
1262,10052,2
1263,9676,1
1264,9664,1
1265,9664,3
1266,2100,1
1267,10384,1
1268,137321,1
1269,123553,1
1270,11260,1
1271,9009,1
1272,11374,1
1273,2309,1
1274,8285,1
1275,8285,3
1276,8285,11
1277,210860,1
1278,2312,1
1279,9839,1
1280,9839,44
1281,9839,45
1282,9839,5
1283,9839,46
1284,381902,8
1285,13922,1
1286,13922,14
1287,293660,1
1288,9713,1
1289,190859,1
1290,257445,1
1291,9007,1
1292,9007,8
1293,9007,2
1294,889,1
1295,1370,1
1296,1370,11
1297,4942,1
1298,4942,5
1299,347969,1
1300,24438,1
1301,24438,4
1302,24438,11
1303,24438,2
1304,24438,42
1305,116741,1
1306,35791,1
1307,35791,2
1308,35791,14
1309,72431,1
1310,72431,3
1311,72431,5
1312,1813,1
1313,1813,3
1314,1813,5
1315,1813,4
1316,1813,8
1317,1813,2
1318,87428,1
1319,8840,1
1320,10589,1
1321,71676,1
1322,1722,1
1323,1722,5
1324,1722,7
1325,1722,4
1326,10022,1
1327,10022,26
1328,11358,1
1329,13,1
1330,6477,1
1331,6477,2
1332,6477,3
1333,6477,14
1334,1597,1
1335,10530,1
1336,1924,1
1337,9327,1
1338,8488,1
1339,10603,1
1340,10603,2
1341,8273,1
1342,109424,1
1343,109424,35
1344,35056,30
1345,35056,1
1346,8839,1
1347,156022,1
1348,7303,1
1349,7303,3
1350,8963,1
1351,1402,1
1352,1402,25
1353,9315,21
1354,9315,5
1355,9315,1
1356,9315,3
1357,9315,4
1358,9315,14
1359,8984,1
1360,795,1
1361,795,47
1362,24,1
1363,24,14
1364,24,3
1365,11353,1
1366,393,1
1367,393,8
1368,393,2
1369,393,25
1370,9618,1
1371,9374,1
1372,8584,1
1373,8584,8
1374,8584,2
1375,2320,1
1376,58224,1
1377,1729,1
1378,1729,8
1379,175574,1
1380,8077,1
1381,8818,1
1382,8818,2
1383,8195,1
1384,8195,3
1385,8195,11
1386,10586,1
1387,116149,1
1388,80035,1
1389,10632,1
1390,12117,1
1391,1792,1
1392,13260,1
1393,72197,1
1394,3580,1
1395,12123,1
1396,9566,1
1397,9833,4
1398,9833,1
1399,4517,12
1400,4517,1
1401,4517,2
1402,8202,1
1403,16072,1
1404,34314,1
1405,19724,1
1406,145220,5
1407,145220,1
1408,14623,1
1409,42297,1
1410,2841,48
1411,2841,3
1412,2841,5
1413,802,1
1414,10375,1
1415,36586,24
1416,36586,13
1417,36586,1
1418,11321,1
1419,11321,2
1420,70074,1
1421,242,1
1422,242,4
1423,242,5
1424,242,15
1425,9621,1
1426,1819,1
1427,8536,1
1428,8046,1
1429,1717,1
1430,479,1
1431,479,2
1432,479,5
1433,9444,1
1434,9444,11
1435,9444,3
1436,824,3
1437,824,2
1438,824,1
1439,11456,1
1440,261023,1
1441,3683,1
1442,22803,1
1443,285923,2
1444,285923,1
1445,39437,1
1446,1950,1
1447,640,1
1448,640,3
1449,97630,1
1450,97630,21
1451,9767,1
1452,11631,1
1453,11631,7
1454,32856,1
1455,6519,1
1456,8741,1
1457,8741,11
1458,49520,1
1459,1850,1
1460,524,1
1461,26389,5
1462,26389,1
1463,26389,3
1464,26389,8
1465,11817,1
1466,11817,18
1467,11817,49
1468,11817,5
1469,2123,1
1470,2123,5
1471,9907,1
1472,9969,1
1473,18239,1
1474,18239,4
1475,808,1
1476,38050,1
1477,8367,1
1478,9390,1
1479,9390,47
1480,72105,1
1481,2898,1
1482,10312,1
1483,109443,1
1484,2022,1
1485,37686,1
1486,462,1
1487,462,3
1488,9919,1
1489,187017,1
1490,628,1
1491,628,3
1492,10201,50
1493,10201,1
1494,10201,26
1495,302699,1
1496,9441,1
1497,274167,1
1498,224141,1
1499,388,1
1500,388,51
1501,2112,1
1502,10329,1
1503,10329,3
1504,74465,1
1505,13811,1
1506,6877,1
1507,10320,1
1508,50646,1
1509,8920,1
1510,13673,2
1511,13673,1
1512,60308,1
1513,6950,1
1514,6950,26
1515,6950,3
1516,225574,1
1517,225574,5
1518,13836,1
1519,752,1
1520,6038,1
1521,6038,8
1522,9975,1
1523,11451,1
1524,12103,1
1525,12103,3
1526,12103,4
1527,12103,2
1528,60304,1
1529,2251,1
1530,2251,3
1531,46529,3
1532,46529,1
1533,231,21
1534,231,1
1535,231,19
1536,231,20
1537,231,3
1538,231,8
1539,300671,21
1540,300671,1
1541,228326,1
1542,9754,1
1543,66,1
1544,66,2
1545,4421,1
1546,2649,25
1547,2649,5
1548,2649,1
1549,588,1
1550,10393,1
1551,71552,1
1552,9631,1
1553,216282,1
1554,306,1
1555,928,1
1556,205587,1
1557,6623,1
1558,6623,11
1559,6623,52
1560,6623,53
1561,6623,54
1562,1577,1
1563,9801,5
1564,9801,9
1565,9801,1
1566,2116,1
1567,9624,24
1568,9624,1
1569,14199,1
1570,1907,1
1571,1907,3
1572,1907,54
1573,1907,12
1574,1907,9
1575,4599,1
1576,22832,1
1577,10390,1
1578,9879,1
1579,38579,1
1580,44603,1
1581,44603,3
1582,11892,1
1583,9691,1
1584,9691,2
1585,9691,32
1586,1248,1
1587,1248,5
1588,1248,11
1589,12220,4
1590,12220,1
1591,72710,1
1592,10782,1
1593,9573,1
1594,9573,2
1595,4959,1
1596,4959,3
1597,4959,5
1598,4959,4
1599,4959,11
1600,10061,1
1601,10386,1
1602,421,1
1603,421,10
1604,421,17
1605,421,3
1606,421,55
1607,421,5
1608,421,4
1609,316152,1
1610,316152,5
1611,11615,1
1612,11615,2
1613,13498,1
1614,241554,1
1615,2252,1
1616,2252,11
1617,2252,6
1618,2252,42
1619,2252,20
1620,11968,1
1621,10047,1
1622,10047,15
1623,38319,1
1624,69668,1
1625,9770,1
1626,11212,1
1627,11212,3
1628,11212,5
1629,10533,1
1630,38363,1
1631,9923,1
1632,9923,47
1633,11863,1
1634,18501,1
1635,109491,1
1636,9275,1
1637,329833,1
1638,12634,1
1639,10416,1
1640,47327,1
1641,15268,1
1642,10796,1
1643,9548,1
1644,18947,1
1645,1900,2
1646,1900,1
1647,89,5
1648,89,7
1649,89,1
1650,96724,1
1651,96724,3
1652,198184,1
1653,9481,1
1654,4547,1
1655,53953,1
1656,53953,47
1657,6415,1
1658,6415,21
1659,181283,1
1660,9896,1
1661,167,1
1662,11232,1
1663,11232,3
1664,1636,1
1665,1636,11
1666,1636,2
1667,2148,1
1668,2148,4
1669,5176,1
1670,260346,1
1671,1389,1
1672,9894,1
1673,7504,16
1674,8592,1
1675,913,1
1676,11091,1
1677,1368,1
1678,593,11
1679,5393,1
1680,9095,1
1681,8874,1
1682,8874,3
1683,8874,4
1684,11467,1
1685,320,1
1686,199,1
1687,20533,1
1688,10684,1
1689,1624,1
1690,325789,1
1691,325789,2
1692,113464,1
1693,888,1
1694,82675,1
1695,82675,6
1696,82675,21
1697,4256,1
1698,1493,1
1699,1493,2
1700,1493,3
1701,1493,11
1702,88751,1
1703,88751,10
1704,88751,4
1705,11130,1
1706,9944,1
1707,10731,1
1708,7350,1
1709,9869,1
1710,4379,24
1711,4379,1
1712,4379,17
1713,146233,1
1714,2034,1
1715,2034,11
1716,2034,2
1717,2034,26
1718,926,1
1719,4248,1
1720,64328,1
1721,36647,11
1722,36647,1
1723,7214,1
1724,1537,1
1725,9360,1
1726,6282,1
1727,508,1
1728,508,3
1729,508,17
1730,9487,1
1731,768,1
1732,768,41
1733,768,11
1734,2636,1
1735,10478,1
1736,27983,1
1737,9981,1
1738,9981,4
1739,7453,1
1740,15045,1
1741,7737,1
1742,232672,1
1743,17379,1
1744,17379,3
1745,8987,1
1746,11359,1
1747,82525,1
1748,9759,1
1749,9486,14
1750,9486,1
1751,9486,3
1752,9906,1
1753,841,1
1754,841,4
1755,4688,1
1756,4148,1
1757,2207,1
1758,9381,1
1759,9381,11
1760,9625,1
1761,9304,1
1762,20856,1
1763,5955,1
1764,9899,1
1765,9826,1
1766,21355,1
1767,21355,2
1768,10858,1
1769,11439,1
1770,9457,26
1771,9457,1
1772,12412,5
1773,12412,4
1774,12412,1
1775,1494,8
1776,13184,9
1777,13184,1
1778,2185,1
1779,6639,1
1780,38153,1
1781,38153,41
1782,58233,5
1783,58233,25
1784,58233,1
1785,58233,8
1786,58233,11
1787,116977,1
1788,68734,1
1789,68734,19
1790,5503,1
1791,27573,1
1792,819,1
1793,1369,1
1794,1369,40
1795,9623,1
1796,10895,1
1797,10935,1
1798,10935,3
1799,10935,5
1800,10935,47
1801,10935,11
1802,834,1
1803,834,3
1804,834,41
1805,228066,1
1806,711,1
1807,10468,1
1808,10027,1
1809,10027,5
1810,10027,2
1811,11812,1
1812,37233,1
1813,37950,1
1814,27582,1
1815,64688,1
1816,509,1
1817,509,2
1818,7443,1
1819,5966,1
1820,11066,3
1821,11066,1
1822,136795,1
1823,136795,2
1824,136795,38
1825,8095,1
1826,8095,17
1827,87826,1
1828,11560,1
1829,11560,2
1830,25189,1
1831,2637,1
1832,18480,24
1833,18480,1
1834,18480,5
1835,709,1
1836,709,2
1837,49730,1
1838,2749,24
1839,2749,1
1840,2749,7
1841,2749,11
1842,9607,1
1843,1830,21
1844,1830,5
1845,1830,1
1846,1830,3
1847,1830,11
1848,1830,2
1849,1830,42
1850,1830,6
1851,79,8
1852,54054,1
1853,228967,26
1854,228967,1
1855,46528,1
1856,46528,9
1857,27936,3
1858,65,1
1859,280391,1
1860,280391,3
1861,9476,1
1862,10610,1
1863,745,15
1864,745,2
1865,745,1
1866,49527,1
1867,73937,1
1868,1885,1
1869,168672,1
1870,18240,1
1871,10398,1
1872,165,1
1873,240832,8
1874,240832,1
1875,240832,3
1876,240832,2
1877,240832,26
1878,216015,1
1879,12279,1
1880,1645,1
1881,11007,1
1882,193756,1
1883,11287,1
1884,259693,1
1885,37799,1
1886,10184,1
1887,4257,1
1888,4234,1
1889,196,1
1890,257091,1
1891,6114,15
1892,6114,13
1893,6114,38
1894,6114,7
1895,6114,1
1896,24803,1
1897,24803,3
1898,1213,1
1899,1213,4
1900,100042,1
1901,9036,1
1902,257211,1
1903,323675,1
1904,9361,1
1905,9361,3
1906,1677,1
1907,187,1
1908,7461,2
1909,7461,1
1910,16538,1
1911,9889,1
1912,820,1
1913,820,2
1914,11565,1
1915,6073,1
1916,6073,2
1917,16996,1
1918,193610,1
1919,19912,1
1920,296098,11
1921,296098,1
1922,296098,5
1923,8007,24
1924,8007,1
1925,8007,2
1926,8007,56
1927,32823,1
1928,4380,1
1929,11551,1
1930,11551,3
1931,11551,41
1932,11551,2
1933,10336,1
1934,11362,1
1935,50348,1
1936,48138,1
1937,48138,5
1938,48138,6
1939,48138,21
1940,1124,1
1941,227159,1
1942,68179,1
1943,1579,1
1944,708,1
1945,708,21
1946,708,3
1947,708,5
1948,708,11
1949,708,24
1950,708,57
1951,34851,1
1952,34851,2
1953,34851,11
1954,9930,1
1955,1586,1
1956,2044,1
1957,9913,1
1958,71864,1
1959,71864,2
1960,10761,1
1961,10761,3
1962,10761,11
1963,209451,1
1964,11975,1
1965,4970,1
1966,11831,1
1967,11831,2
1968,9096,1
1969,440,1
1970,11011,1
1971,11011,15
1972,10641,1
1973,11172,1
1974,39513,1
1975,82687,1
1976,41446,1
1977,8224,1
1978,10537,1
1979,225886,1
1980,10385,11
1981,55779,1
1982,55779,25
1983,10154,1
1984,10647,1
1985,11431,1
1986,11431,47
1987,11431,17
1988,8457,1
1989,188161,1
1990,8850,1
1991,64685,1
1992,38357,1
1993,38357,42
1994,10060,1
1995,11398,1
1996,1833,1
1997,10391,1
1998,8970,1
1999,9306,1
2000,11370,1
2001,11370,41
2002,12184,1
2003,1921,1
2004,1683,2
2005,1683,1
2006,203,1
2007,203,4
2008,11858,1
2009,11858,2
2010,62835,1
2011,62835,2
2012,18937,1
2013,13536,1
2014,15556,1
2015,10718,1
2016,11062,1
2017,10802,1
2018,1887,1
2019,1887,3
2020,1887,15
2021,6071,1
2022,10461,1
2023,80278,1
2024,80278,2
2025,80278,12
2026,80278,9
2027,12704,1
2028,10315,1
2029,16643,1
2030,2687,1
2031,194,3
2032,194,11
2033,11025,1
2034,8849,1
2035,78698,1
2036,30943,1
2037,9544,1
2038,9544,11
2039,24418,1
2040,7288,1
2041,14655,1
2042,24575,1
2043,10366,1
2044,19898,1
2045,19898,40
2046,19898,5
2047,4965,1
2048,15074,1
2049,56715,1
2050,56715,3
2051,1272,1
2052,72358,1
2053,20542,1
2054,20542,47
2055,266396,2
2056,266396,1
2057,9978,1
2058,8271,1
2059,8271,2
2060,10428,1
2061,10428,4
2062,10428,14
2063,10428,11
2064,5353,1
2065,5353,41
2066,5353,56
2067,11934,1
2068,14392,8
2069,19495,1
2070,19495,58
2071,19495,13
2072,110415,1
2073,110415,3
2074,110415,14
2075,110415,26
2076,77459,3
2077,26486,1
2078,9495,1
2079,256040,59
2080,256040,60
2081,256040,16
2082,256040,28
2083,24420,1
2084,1257,1
2085,62214,1
2086,16320,1
2087,16320,8
2088,8842,1
2089,9531,1
2090,9531,4
2091,9531,2
2092,9531,9
2093,64807,1
2094,12289,8
2095,12289,9
2096,11529,1
2097,20943,1
2098,9099,1
2099,9488,1
2100,193,1
2101,44865,25
2102,44865,14
2103,44865,8
2104,55787,1
2105,55787,47
2106,257932,25
2107,257932,1
2108,257932,8
2109,257932,11
2110,10400,1
2111,1957,1
2112,10833,1
2113,10833,11
2114,256961,1
2115,5852,1
2116,12312,1
2117,622,1
2118,622,3
2119,622,15
2120,622,47
2121,622,17
2122,622,2
2123,11306,1
2124,12508,1
2125,25793,1
2126,25793,4
2127,10534,31
2128,10534,1
2129,10534,3
2130,10534,5
2131,1091,1
2132,1091,27
2133,87421,1
2134,10871,1
2135,13503,1
2136,13600,1
2137,68722,1
2138,14324,1
2139,14324,11
2140,14325,1
2141,299687,1
2142,312221,1
2143,23168,1
2144,76494,1
2145,4944,1
2146,10488,1
2147,96721,1
2148,96721,5
2149,96721,4
2150,96721,3
2151,334,1
2152,334,3
2153,334,5
2154,23742,1
2155,23742,2
2156,259694,1
2157,62837,1
2158,8966,1
2159,8470,1
2160,8470,2
2161,11001,1
2162,138832,1
2163,16911,11
2164,2163,1
2165,36670,1
2166,36670,3
2167,36670,21
2168,36670,2
2169,23048,11
2170,23048,1
2171,227735,1
2172,2155,1
2173,8409,1
2174,8409,2
2175,222936,11
2176,222936,1
2177,31908,1
2178,10219,5
2179,10219,14
2180,10219,1
2181,48171,1
2182,48171,4
2183,48171,41
2184,48171,11
2185,48171,15
2186,48171,61
2187,782,1
2188,782,43
2189,75531,1
2190,11802,1
2191,9776,1
2192,18785,1
2193,365222,25
2194,365222,1
2195,365222,8
2196,365222,9
2197,817,5
2198,817,1
2199,268,1
2200,268,3
2201,45054,1
2202,943,1
2203,22881,1
2204,10054,2
2205,10054,1
2206,51540,1
2207,44264,1
2208,350,1
2209,350,3
2210,152,1
2211,109431,1
2212,1598,1
2213,8065,1
2214,271718,1
2215,11638,3
2216,11638,1
2217,11638,47
2218,11638,17
2219,409,5
2220,409,4
2221,409,21
2222,409,1
2223,2118,1
2224,11459,1
2225,10806,1
2226,9348,1
2227,377,1
2228,8843,1
2229,9313,1
2230,39486,1
2231,1273,1
2232,13920,1
2233,50544,1
2234,325133,1
2235,140823,1
2236,1883,21
2237,1883,1
2238,89492,1
2239,22949,1
2240,22949,42
2241,12437,1
2242,2959,1
2243,9957,1
2244,9957,2
2245,11648,1
2246,11648,62
2247,9366,14
2248,9366,1
2249,9366,4
2250,1576,1
2251,609,1
2252,5516,1
2253,5516,40
2254,13051,1
2255,13051,11
2256,13051,2
2257,49530,1
2258,34806,1
2259,49022,1
2260,11469,1
2261,23479,1
2262,23479,2
2263,11667,1
2264,11667,14
2265,423,1
2266,423,5
2267,423,11
2268,2447,1
2269,2447,17
2270,10066,1
2271,10066,11
2272,2288,1
2273,88794,1
2274,13515,1
2275,11979,1
2276,169,1
2277,8090,1
2278,11622,15
2279,11622,1
2280,11622,3
2281,11622,5
2282,3604,1
2283,9541,1
2284,94348,1
2285,94348,5
2286,8197,1
2287,336004,1
2288,35019,1
2289,10410,1
2290,10410,4
2291,10410,15
2292,8836,1
2293,14442,1
2294,321741,1
2295,59965,1
2296,14175,1
2297,11004,1
2298,11918,1
2299,98357,1
2300,10012,1
2301,49526,8
2302,49526,1
2303,268920,2
2304,268920,1
2305,9093,1
2306,119283,1
2307,11823,1
2308,35169,1
2309,118957,1
2310,849,1
2311,4515,1
2312,18886,1
2313,6575,1
2314,6440,1
2315,13496,1
2316,18320,1
2317,18320,41
2318,22787,1
2319,22787,11
2320,8967,1
2321,37498,1
2322,37498,4
2323,144336,1
2324,9616,1
2325,13056,11
2326,13056,1
2327,14113,1
2328,285783,3
2329,285783,1
2330,49478,1
2331,49478,8
2332,9726,1
2333,9726,3
2334,9726,11
2335,20763,1
2336,9702,1
2337,9311,1
2338,9311,63
2339,9280,1
2340,9280,3
2341,9280,2
2342,26843,1
2343,26843,3
2344,26843,2
2345,11876,3
2346,11876,4
2347,22267,1
2348,45958,25
2349,45958,8
2350,45958,2
2351,45958,64
2352,1969,1
2353,1969,2
2354,310706,1
2355,198663,1
2356,239573,1
2357,10436,1
2358,10436,4
2359,1381,1
2360,2162,1
2361,127493,12
2362,127493,1
2363,12429,14
2364,228205,1
2365,2900,1
2366,21311,1
2367,77875,1
2368,192136,1
2369,192136,33
2370,192136,65
2371,18254,5
2372,18254,36
2373,18254,3
2374,18254,11
2375,18254,1
2376,881,1
2377,10877,4
2378,9600,1
2379,202575,5
2380,202575,3
2381,202575,1
2382,71469,1
2383,85446,1
2384,326,1
2385,326,9
2386,10685,40
2387,10685,1
2388,7220,1
2389,9763,1
2390,9763,2
2391,72387,1
2392,72387,8
2393,72387,11
2394,12596,1
2395,1892,1
2396,13460,1
2397,8055,1
2398,8055,5
2399,8055,7
2400,8055,15
2401,50647,1
2402,10719,1
2403,9294,1
2404,11888,1
2405,9647,1
2406,9353,2
2407,9353,1
2408,55721,1
2409,109414,1
2410,10307,1
2411,10307,4
2412,10307,17
2413,11978,1
2414,22907,1
2415,87567,1
2416,87567,2
2417,87567,15
2418,38322,1
2419,45612,1
2420,7305,1
2421,7305,17
2422,3594,1
2423,157841,1
2424,11519,1
2425,11519,5
2426,11519,14
2427,12920,1
2428,59,1
2429,9335,1
2430,9335,3
2431,9335,4
2432,12106,1
2433,11141,1
2434,8649,1
2435,31867,1
2436,10253,1
2437,10253,26
2438,3587,1
2439,124459,1
2440,24662,1
2441,24662,5
2442,32274,1
2443,182,1
2444,182,5
2445,182,8
2446,182,11
2447,5494,1
2448,28,45
2449,28,1
2450,28,3
2451,28,40
2452,38073,1
2453,2054,1
2454,302156,1
2455,606,1
2456,606,37
2457,87502,1
2458,698,1
2459,698,4
2460,120467,1
2461,120467,3
2462,11313,1
2463,6488,1
2464,6488,2
2465,10559,1
2466,296099,1
2467,8012,1
2468,1574,41
2469,1574,1
2470,9032,1
2471,9032,4
2472,2770,1
2473,862,1
2474,1637,1
2475,72570,1
2476,27569,1
2477,10637,1
2478,1669,1
2479,1669,11
2480,132363,1
2481,9472,1
2482,9472,5
2483,2907,1
2484,9273,1
2485,9880,1
2486,2925,1
2487,807,1
2488,17654,33
2489,17654,66
2490,17654,67
2491,17654,65
2492,17654,68
2493,17654,1
2494,11836,1
2495,322,1
2496,70,1
2497,70,34
2498,9535,1
2499,11036,1
2500,6557,1
2501,18126,1
2502,16340,1
2503,10333,1
2504,4476,69
2505,4476,1
2506,22947,1
2507,2755,1
2508,82654,1
2509,59967,1
2510,16300,1
2511,9598,1
2512,82696,1
2513,9870,1
2514,9870,14
2515,9870,5
2516,8292,2
2517,8292,1
2518,8780,1
2519,9715,1
2520,10521,1
2521,10762,1
2522,10096,1
2523,10096,3
2524,10096,17
2525,59436,1
2526,59436,3
2527,59436,5
2528,59436,2
2529,227783,1
2530,4133,1
2531,10207,1
2532,172,1
2533,21972,1
2534,36593,1
2535,707,1
2536,533,1
2537,6023,1
2538,6439,1
2539,4347,1
2540,4347,3
2541,37056,1
2542,37056,4
2543,37056,2
2544,4105,1
2545,4105,14
2546,76489,1
2547,3933,1
2548,9918,1
2549,273481,2
2550,273481,1
2551,307081,1
2552,16871,1
2553,16871,2
2554,16871,41
2555,16871,24
2556,293863,1
2557,13156,1
2558,41233,1
2559,9266,1
2560,1262,1
2561,4513,1
2562,22970,1
2563,22970,14
2564,7278,1
2565,9013,24
2566,9013,1
2567,865,1
2568,10776,1
2569,50456,1
2570,50456,3
2571,50456,5
2572,50456,4
2573,50456,21
2574,50456,2
2575,9823,1
2576,59861,1
2577,133805,1
2578,12763,1
2579,9766,1
2580,14034,1
2581,12244,1
2582,109421,1
2583,109421,3
2584,11137,31
2585,11137,5
2586,11137,1
2587,51162,1
2588,10152,1
2589,9452,1
2590,239566,1
2591,53113,1
2592,9271,1
2593,4474,1
2594,184346,1
2595,48340,1
2596,14846,1
2597,72207,1
2598,16232,1
2599,43539,1
2600,9920,1
2601,9920,40
2602,8978,1
2603,8978,52
2604,8978,2
2605,11702,25
2606,11702,24
2607,11702,1
2608,18550,1
2609,8869,1
2610,43347,1
2611,3489,1
2612,9701,1
2613,2122,1
2614,2122,30
2615,2122,41
2616,37707,1
2617,10658,17
2618,10658,1
2619,13150,1
2620,9042,24
2621,9042,1
2622,17813,1
2623,17813,3
2624,11208,1
2625,58151,1
2626,11400,1
2627,10350,1
2628,28902,1
2629,14164,1
2630,14164,14
2631,14164,16
2632,76640,1
2633,11058,1
2634,14844,1
2635,14844,3
2636,14844,30
2637,14844,4
2638,14844,2
2639,14844,5
2640,57089,1
2641,1947,1
2642,1947,3
2643,8054,1
2644,8054,11
2645,8054,3
2646,46829,1
2647,146238,1
2648,9989,1
2649,9665,1
2650,311,1
2651,311,3
2652,311,4
2653,102362,1
2654,102362,3
2655,102362,51
2656,102362,2
2657,11162,1
2658,6016,1
2659,17186,1
2660,13967,1
2661,2008,1
2662,2008,5
2663,2008,8
2664,9053,1
2665,4512,1
2666,76349,3
2667,76349,8
2668,76349,1
2669,31203,3
2670,265208,1
2671,45610,21
2672,45610,1
2673,50135,5
2674,1874,1
2675,1874,65
2676,271331,1
2677,215211,3
2678,215211,1
2679,367961,11
2680,10955,1
2681,223702,1
2682,254470,1
2683,69,1
2684,69,11
2685,4967,30
2686,4967,1
2687,4967,2
2688,9449,1
2689,11499,1
2690,11499,2
2691,4912,1
2692,12771,2
2693,12771,1
2694,323676,1
2695,12506,1
2696,24071,1
2697,11249,1
2698,9667,1
2699,812,1
2700,277216,1
2701,87,1
2702,87,70
2703,14444,1
2704,2043,1
2705,2043,11
2706,315664,1
2707,1428,1
2708,1428,2
2709,562,1
2710,562,5
2711,562,4
2712,15373,1
2713,318846,1
2714,26320,1
2715,14292,1
2716,924,1
2717,924,4
2718,2018,1
2719,192577,14
2720,9428,1
2721,9428,4
2722,2832,1
2723,137093,1
2724,699,7
2725,699,1
2726,699,4
2727,9778,1
2728,8831,1
2729,9398,1
2730,112949,1
2731,112949,17
2732,10439,1
2733,3638,1
2734,23483,1
2735,62206,1
2736,62206,5
2737,62206,2
2738,10577,1
2739,218778,1
2740,4348,1
2741,78,1
2742,78,5
2743,78,25
2744,78,14
2745,78,41
2746,11780,1
2747,192102,1
2748,2001,1
2749,2001,11
2750,10383,1
2751,10383,3
2752,11516,1
2753,11516,3
2754,10025,1
2755,15198,1
2756,23172,1
2757,17834,1
2758,10016,1
2759,10317,1
2760,58431,1
2761,9746,1
2762,9746,8
2763,9746,18
2764,13092,1
2765,59859,1
2766,13495,2
2767,254473,1
2768,700,5
2769,700,1
2770,700,11
2771,700,2
2772,4964,1
2773,10024,54
2774,10024,1
2775,13490,1
2776,15927,1
2777,15927,16
2778,1259,1
2779,1259,3
2780,5125,21
2781,5125,1
2782,174,1
2783,9583,1
2784,9437,1
2785,9437,8
2786,525,1
2787,10188,1
2788,63574,1
2789,245,1
2790,9825,1
2791,186,1
2792,9549,1
2793,9549,11
2794,61891,1
2795,34584,1
2796,2666,1
2797,12783,1
2798,13155,1
2799,42807,1
2800,28355,1
2801,8080,1
2802,5126,1
2803,56288,1
2804,303858,1
2805,1613,1
2806,31582,1
2807,16617,1
2808,8944,3
2809,8944,1
2810,8944,30
2811,41488,3
2812,41488,5
2813,41488,1
2814,41488,4
2815,41488,15
2816,37028,1
2817,14560,1
2818,10330,8
2819,10330,1
2820,6957,1
2821,6957,2
2822,1934,1
2823,169917,1
2824,951,1
2825,951,2
2826,10189,1
2827,9454,1
2828,2055,1
2829,1551,1
2830,1551,3
2831,1551,2
2832,5902,1
2833,5902,32
2834,5902,47
2835,5902,5
2836,5902,15
2837,11460,1
2838,11460,11
2839,9358,1
2840,134,1
2841,22894,1
2842,134374,1
2843,1901,1
2844,1901,4
2845,15028,24
2846,15028,1
2847,11509,1
2848,7445,1
2849,7445,3
2850,17047,1
2851,62838,1
2852,2057,1
2853,2057,5
2854,2057,14
2855,2057,15
2856,2057,2
2857,70436,1
2858,16784,1
2859,8011,1
2860,31640,1
2861,9092,1
2862,2779,1
2863,2779,47
2864,316002,1
2865,36355,1
2866,238615,1
2867,1985,5
2868,1985,1
2869,1985,4
2870,1985,37
2871,615,30
2872,615,15
2873,788,1
2874,380,4
2875,380,1
2876,13223,1
2877,10523,2
2878,10523,1
2879,8681,1
2880,8681,3
2881,8681,21
2882,8681,51
2883,239571,1
2884,619,1
2885,424,5
2886,424,47
2887,424,30
2888,424,1
2889,50014,1
2890,162903,1
2891,11024,1
2892,208763,1
2893,208763,11
2894,6466,1
2895,254024,1
2896,254024,3
2897,12589,1
2898,7191,11
2899,7191,1
2900,1497,1
2901,117,1
2902,6977,1
2903,6977,2
2904,168530,1
2905,634,1
2906,392,1
2907,392,3
2908,10327,1
2909,88042,1
2910,41630,1
2911,11969,1
2912,11969,15
2913,11969,2
2914,2085,1
2915,2085,8
2916,794,1
2917,794,4
2918,794,15
2919,9286,1
2920,77877,1
2921,1265,1
2922,866,1
2923,175555,1
2924,75174,1
2925,11096,1
2926,8699,1
2927,769,4
2928,769,1
2929,10923,1
2930,11283,1
2931,111,1
2932,111,2
2933,11676,1
2934,746,24
2935,746,1
2936,746,14
2937,746,8
2938,746,11
2939,77866,1
2940,9416,1
2941,7345,1
2942,14317,1
2943,14317,4
2944,20694,1
2945,12277,1
2946,9779,1
2947,9779,7
2948,9779,2
2949,2140,1
2950,2140,3
2951,2140,8
2952,12620,1
2953,14177,1
2954,198185,16
2955,198185,1
2956,227156,1
2957,10735,1
2958,11351,1
2959,10030,1
2960,10623,1
2961,10623,26
2962,10623,11
2963,590,1
2964,9655,1
2965,1268,1
2966,11237,1
2967,11237,11
2968,190955,2
2969,190955,1
2970,190955,4
2971,5123,1
2972,4518,3
2973,4518,1
2974,11932,1
2975,11165,1
2976,11165,14
2977,6116,1
2978,57431,1
2979,21724,1
2980,278,1
2981,9290,1
2982,11543,1
2983,284536,1
2984,152737,1
2985,13374,1
2986,8976,1
2987,319888,1
2988,319888,5
2989,319888,27
2990,9469,1
2991,1909,1
2992,22971,1
2993,34813,1
2994,46261,1
2995,10431,25
2996,10431,1
2997,10431,14
2998,10431,8
2999,8051,1
3000,9352,1
3001,9352,3
3002,9352,4
3003,9352,14
3004,9352,5
3005,10167,1
3006,18147,1
3007,17170,1
3008,18975,1
3009,18975,4
3010,15487,1
3011,22825,1
3012,11152,1
3013,11152,47
3014,11152,11
3015,1831,3
3016,1831,1
3017,43931,1
3018,10591,1
3019,10861,1
3020,12770,1
3021,276907,1
3022,10074,1
3023,65055,1
3024,65055,17
3025,10397,1
3026,200505,1
3027,11954,1
3028,11954,2
3029,60309,1
3030,9787,1
3031,9787,2
3032,293646,2
3033,293646,1
3034,6978,25
3035,6978,1
3036,133698,3
3037,133698,4
3038,133698,47
3039,59440,1
3040,1770,1
3041,10655,1
3042,8988,1
3043,15992,4
3044,15992,1
3045,17707,1
3046,17707,9
3047,77883,1
3048,40001,1
3049,64639,1
3050,9903,1
3051,21338,1
3052,20766,1
3053,24264,1
3054,19803,1
3055,20309,1
3056,9912,1
3057,9912,3
3058,9912,11
3059,9067,1
3060,27360,1
3061,8338,14
3062,8338,1
3063,168705,1
3064,168705,17
3065,72113,1
3066,9729,1
3067,94352,1
3068,22256,1
3069,12404,1
3070,152742,1
3071,11699,2
3072,11699,1
3073,49953,1
3074,48034,3
3075,39845,1
3076,25353,24
3077,25353,1
3078,25353,3
3079,25353,47
3080,36696,11
3081,109091,1
3082,38543,31
3083,38543,1
3084,38543,41
3085,38543,15
3086,33157,1
3087,33157,11
3088,290864,25
3089,290864,8
3090,242166,1
3091,859,1
3092,83770,1
3093,83770,3
3094,168,1
3095,168,36
3096,1246,1
3097,1246,2
3098,4233,1
3099,174751,1
3100,184098,1
3101,2069,1
3102,2069,3
3103,2069,2
3104,1788,1
3105,11635,1
3106,177,1
3107,3600,1
3108,2621,1
3109,2621,4
3110,10358,1
3111,10480,2
3112,10480,1
3113,10313,1
3114,18828,1
3115,3558,1
3116,13476,1
3117,10208,1
3118,24961,1
3119,20697,1
3120,20761,1
3121,20761,3
3122,70868,1
3123,43593,1
3124,6478,1
3125,40688,1
3126,26672,1
3127,45881,1
3128,41283,1
3129,4935,14
3130,19908,1
3131,10663,1
3132,1891,1
3133,9737,1
3134,37137,1
3135,9532,1
3136,9532,3
3137,10316,1
3138,2787,1
3139,12658,1
3140,152601,1
3141,10866,1
3142,227707,1
3143,21349,1
3144,19150,1
3145,19150,2
3146,70435,1
3147,70435,2
3148,580,1
3149,9819,1
3150,9819,2
3151,13579,1
3152,20024,1
3153,20024,3
3154,2453,1
3155,6973,1
3156,11156,3
3157,11156,1
3158,354110,1
3159,22215,1
3160,22215,3
3161,22215,4
3162,22215,15
3163,11632,1
3164,11632,3
3165,11632,5
3166,30596,8
3167,30596,25
3168,30596,1
3169,3021,1
3170,957,1
3171,256917,11
3172,256917,6
3173,256917,7
3174,256917,1
3175,251,1
3176,544,1
3177,11395,1
3178,14635,1
3179,13680,1
3180,688,1
3181,11090,1
3182,783,1
3183,783,16
3184,228194,16
3185,228194,1
3186,228194,3
3187,1642,1
3188,1642,2
3189,10950,1
3190,235260,1
3191,235260,30
3192,277,1
3193,8999,1
3194,8999,3
3195,11323,1
3196,10445,1
3197,11453,32
3198,11453,1
3199,11453,47
3200,11453,17
3201,146239,1
3202,205588,11
3203,205588,1
3204,205588,3
3205,10878,1
3206,10878,47
3207,10878,17
3208,10878,2
3209,82650,1
3210,10279,1
3211,10279,4
3212,2294,1
3213,2176,2
3214,2176,1
3215,270487,1
3216,19366,1
3217,204082,1
3218,24100,1
3219,24100,5
3220,1599,1
3221,5550,1
3222,5550,14
3223,30379,1
3224,42586,5
3225,42586,1
3226,17709,1
3227,287948,1
3228,7548,1
3229,9075,32
3230,9075,5
3231,9075,1
3232,9075,30
3233,11661,1
3234,11661,3
3235,11661,5
3236,11661,15
3237,109513,1
3238,109513,3
3239,109513,47
3240,12085,1
3241,204922,1
3242,38985,1
3243,38985,3
3244,38985,5
3245,38985,2
3246,44113,1
3247,21494,3
3248,21494,41
3249,164457,1
3250,4566,1
3251,17795,1
3252,1073,1
3253,153158,2
3254,153158,1
3255,81836,4
3256,81836,1
3257,10724,11
3258,10724,1
3259,9473,1
3260,2196,1
3261,1499,1
3262,20857,1
3263,82693,1
3264,1646,1
3265,1646,2
3266,44944,1
3267,4108,1
3268,4108,3
3269,4108,8
3270,8456,1
3271,7341,1
3272,19255,1
3273,10187,1
3274,31005,1
3275,31005,30
3276,49517,3
3277,49517,1
3278,49517,11
3279,49517,41
3280,44857,1
3281,50780,1
3282,16363,1
3283,1946,1
3284,85,1
3285,85,2
3286,85,5
3287,85,30
3288,85,21
3289,85,71
3290,772,1
3291,772,3
3292,840,16
3293,840,1
3294,840,3
3295,840,2
3296,9682,1
3297,9682,47
3298,96,1
3299,10678,1
3300,10678,3
3301,274,1
3302,8872,25
3303,8872,1
3304,16290,13
3305,16290,1
3306,579,1
3307,14405,1
3308,138843,1
3309,11637,1
3310,226486,1
3311,1584,1
3312,9312,1
3313,12153,1
3314,65057,1
3315,8326,1
3316,35690,1
3317,76203,1
3318,13497,1
3319,35688,1
3320,162,1
3321,296096,1
3322,103370,1
3323,1051,1
3324,1051,3
3325,376659,11
3326,376659,1
3327,10073,1
3328,16690,1
3329,273895,1
3330,14873,1
3331,8968,1
3332,8968,3
3333,8968,47
3334,9963,1
3335,15655,1
3336,21208,1
3337,21208,50
3338,21208,3
3339,272878,1
3340,9760,1
3341,314365,1
3342,13279,1
3343,1975,1
3344,1975,14
3345,1975,11
3346,33644,1
3347,1649,1
3348,9895,1
3349,9570,1
3350,27579,1
3351,27579,4
3352,16052,2
3353,16052,1
3354,40264,1
3355,40264,2
3356,1164,21
3357,1164,1
3358,1164,2
3359,1164,3
3360,1164,14
3361,1164,11
3362,239678,1
3363,14359,1
3364,3989,21
3365,3989,1
3366,3989,3
3367,3989,26
3368,76617,1
3369,1710,1
3370,1710,5
3371,4258,1
3372,20391,1
3373,20391,2
3374,10139,1
3375,335778,1
3376,9645,1
3377,9645,4
3378,9645,2
3379,55465,1
3380,617,1
3381,19904,1
3382,48289,11
3383,48289,1
3384,48289,5
3385,243,31
3386,243,1
3387,6933,1
3388,17182,1
3389,17182,3
3390,17182,26
3391,17182,2
3392,8848,1
3393,38,1
3394,38303,1
3395,1266,1
3396,1266,6
3397,107985,1
3398,14043,24
3399,14043,1
3400,19901,1
3401,34016,1
3402,59860,1
3403,10069,1
3404,9588,1
3405,12819,1
3406,9954,1
3407,10115,1
3408,25132,1
3409,577,1
3410,328387,1
3411,12690,1
3412,12690,2
3413,9945,1
3414,9945,15
3415,539,1
3416,13596,1
3417,226857,1
3418,13159,1
3419,13159,3
3420,13159,5
3421,47941,1
3422,526,1
3423,22796,1
3424,2355,1
3425,5915,31
3426,5915,1
3427,9842,1
3428,61012,1
3429,755,1
3430,755,2
3431,13682,1
3432,9089,1
3433,9089,2
3434,9470,25
3435,18357,1
3436,7979,1
3437,7979,17
3438,7979,72
3439,7979,11
3440,7979,20
3441,470,1
3442,15644,1
3443,15644,2
3444,9582,1
3445,10642,1
3446,22074,1
3447,22074,47
3448,2428,1
3449,290751,1
3450,13805,1
3451,4597,1
3452,4597,5
3453,9414,1
3454,63492,1
3455,81796,1
3456,10710,1
3457,15092,1
3458,11382,1
3459,15005,1
3460,8198,1
3461,8198,3
3462,8198,40
3463,6963,24
3464,6963,1
3465,15070,1
3466,12797,1
3467,12797,2
3468,17134,24
3469,17134,1
3470,41402,1
3471,18885,1
3472,18885,3
3473,4953,1
3474,10773,1
3475,146198,1
3476,2639,1
3477,10563,1
3478,295964,3
3479,295964,1
3480,5971,1
3481,5971,41
3482,5971,4
3483,9716,1
3484,11835,1
3485,26171,1
3486,31117,1
3487,9074,1
3488,14396,1
3489,15673,1
3490,42618,1
3491,171274,1
3492,24432,1
3493,109417,1
3494,13948,1
3495,106747,1
3496,106747,2
3497,10929,1
3498,14220,1
3499,46435,1
3500,46435,3
3501,46435,5
3502,46435,4
3503,46435,14
3504,256962,1
3505,48231,1
3506,3509,1
3507,82684,1
3508,12142,1
3509,12142,17
3510,23367,1
3511,10740,1
3512,241239,2
3513,241239,1
3514,14582,1
3515,14582,5
3516,14914,1
3517,3902,1
3518,77948,1
3519,77948,2
3520,21755,1
3521,21755,3
3522,21755,24
3523,21755,14
3524,4960,1
3525,128,14
3526,14652,4
3527,14652,3
3528,14652,5
3529,14652,1
3530,40932,1
3531,16608,1
3532,334531,1
3533,32316,1
3534,7299,1
3535,13405,14
3536,13405,8
3537,13405,1
3538,19457,1
3539,19457,2
3540,112937,1
3541,314385,42
3542,314385,1
3543,314385,3
3544,8953,1
3545,8953,14
3546,8953,47
3547,29078,1
3548,46503,1
3549,10448,1
3550,13688,25
3551,10353,3
3552,43935,1
3553,43935,6
3554,11458,1
3555,44638,1
3556,241257,1
3557,14538,8
3558,13250,1
3559,133931,1
3560,280871,28
3561,239897,1
3562,184341,1
3563,184341,2
3564,334074,1
3565,199373,1
3566,14202,3
3567,14202,8
3568,14202,1
3569,6968,1
3570,6968,3
3571,6968,5
3572,6968,12
3573,581,1
3574,52449,1
3575,12150,1
3576,11247,24
3577,11247,1
3578,11247,5
3579,4232,1
3580,9378,1
3581,694,1
3582,105,1
3583,11377,1
3584,26367,1
3585,385383,17
3586,385383,1
3587,41210,1
3588,12090,1
3589,12090,4
3590,12090,5
3591,12090,3
3592,62630,1
3593,16110,1
3594,16110,5
3595,29427,1
3596,129,14
3597,244114,8
3598,244114,25
3599,2669,1
3600,203833,1
3601,203833,5
3602,13523,1
3603,25195,1
3604,17277,1
3605,50725,1
3606,82631,1
3607,73191,1
3608,22479,1
3609,340611,1
3610,10065,1
3611,2757,1
3612,2757,15
3613,11683,1
3614,11683,3
3615,11683,4
3616,11683,47
3617,11683,2
3618,244339,25
3619,1878,1
3620,23082,1
3621,23082,17
3622,195589,1
3623,854,12
3624,854,1
3625,2280,1
3626,496,1
3627,496,30
3628,496,58
3629,8835,1
3630,157,1
3631,157,11
3632,8643,1
3633,10402,1
3634,218043,1
3635,9043,1
3636,21301,1
3637,10147,1
3638,816,1
3639,302688,1
3640,60307,1
3641,106,1
3642,106,2
3643,279,1
3644,279,5
3645,279,4
3646,279,15
3647,8617,4
3648,8617,1
3649,10625,37
3650,10625,1
3651,10625,5
3652,10625,40
3653,10934,24
3654,10934,1
3655,10934,3
3656,10934,5
3657,10934,4
3658,10934,47
3659,10934,2
3660,5279,1
3661,10013,1
3662,194662,1
3663,160588,1
3664,9829,1
3665,9829,21
3666,9829,5
3667,10028,1
3668,10535,1
3669,790,1
3670,43959,1
3671,10364,1
3672,10364,4
3673,16991,1
3674,9610,1
3675,1578,1
3676,25643,1
3677,11904,1
3678,28665,1
3679,44115,1
3680,10569,1
3681,10560,1
3682,333348,1
3683,20483,1
3684,11457,1
3685,321697,1
3686,19840,1
3687,22327,1
3688,22327,3
3689,38665,1
3690,2575,1
3691,2575,2
3692,11644,1
3693,146227,1
3694,68924,1
3695,253235,1
3696,22102,1
3697,18701,1
3698,10068,1
3699,848,1
3700,848,41
3701,36811,1
3702,522,1
3703,130150,1
3704,12246,8
3705,12246,73
3706,13809,1
3707,13809,11
3708,27380,1
3709,10549,1
3710,33870,1
3711,33870,8
3712,245703,1
3713,10739,1
3714,127560,1
3715,37903,5
3716,37903,4
3717,37903,15
3718,37903,47
3719,396152,1
3720,10017,1
3721,11468,1
3722,193613,1
3723,17436,1
3724,43434,3
3725,43434,5
3726,43434,1
3727,43434,2
3728,43434,21
3729,43434,41
3730,43434,14
3731,43434,11
3732,31166,1
3733,69848,1
3734,8408,1
3735,332411,1
3736,9389,1
3737,9389,3
3738,9626,1
3739,75638,1
3740,8363,1
3741,15670,1
3742,290555,1
3743,8328,11
3744,8328,1
3745,10982,1
3746,205,1
3747,205,3
3748,1620,1
3749,1620,11
3750,1620,52
3751,175541,1
3752,241254,1
3753,31932,1
3754,1933,3
3755,1933,1
3756,679,1
3757,11113,1
3758,3597,1
3759,193893,1
3760,9675,62
3761,9675,1
3762,9988,1
3763,9988,5
3764,948,1
3765,21765,5
3766,146304,1
3767,7516,1
3768,41439,1
3769,2752,1
3770,9429,1
3771,38117,1
3772,9792,1
3773,13778,1
3774,228203,1
3775,228203,4
3776,41382,1
3777,13960,1
3778,114150,1
3779,26602,1
3780,10223,1
3781,16028,1
3782,15639,1
3783,16112,1
3784,26390,1
3785,27759,1
3786,109428,1
3787,23049,1
3788,9310,1
3789,9310,2
3790,11411,1
3791,11411,3
3792,11411,4
3793,11411,11
3794,11411,9
3795,16988,1
3796,7304,1
3797,7304,11
3798,24747,1
3799,58048,1
3800,1491,1
3801,2989,1
3802,10629,1
3803,255343,2
3804,255343,1
3805,4723,1
3806,10800,3
3807,25763,2
3808,25763,1
3809,79694,1
3810,4032,24
3811,4032,1
3812,18615,1
3813,10673,1
3814,4584,1
3815,2977,1
3816,2977,6
3817,10760,1
3818,11093,1
3819,11093,19
3820,207,1
3821,8467,1
3822,639,1
3823,24226,1
3824,9285,1
3825,14709,1
3826,74643,3
3827,13788,1
3828,13788,30
3829,83666,1
3830,10781,1
3831,318850,1
3832,13908,1
3833,1417,2
3834,39180,3
3835,16161,1
3836,49950,1
3837,10956,1
3838,9594,1
3839,4638,1
3840,13972,1
3841,5038,2
3842,5038,1
3843,13491,21
3844,13491,1
3845,13491,12
3846,10571,1
3847,10994,1
3848,19994,2
3849,19994,1
3850,25166,1
3851,30890,1
3852,23169,1
3853,17403,1
3854,12120,1
3855,9800,1
3856,1090,1
3857,18475,1
3858,40160,1
3859,40160,3
3860,40160,11
3861,18074,1
3862,9689,8
3863,9689,1
3864,9781,1
3865,8009,1
3866,3877,1
3867,8854,1
3868,152599,15
3869,152599,1
3870,152599,47
3871,18840,1
3872,18840,3
3873,18840,8
3874,18840,11
3875,18840,2
3876,68727,1
3877,68727,3
3878,12657,2
3879,12657,1
3880,8265,3
3881,12410,1
3882,34647,1
3883,34647,14
3884,73935,1
3885,28178,1
3886,28178,14
3887,185567,1
3888,264656,1
3889,35696,1
3890,16351,62
3891,16351,1
3892,16351,3
3893,16351,5
3894,16351,6
3895,38717,1
3896,18777,1
3897,2110,3
3898,2110,14
3899,2110,11
3900,9035,1
3901,9035,3
3902,90,1
3903,771,1
3904,12154,1
3905,12154,3
3906,12154,11
3907,9576,1
3908,744,1
3909,146,8
3910,14,1
3911,45269,1
3912,9493,1
3913,22556,1
3914,873,1
3915,33196,1
3916,33196,26
3917,205596,1
3918,10765,1
3919,16769,1
3920,33217,1
3921,132232,1
3922,11153,1
3923,208134,1
3924,1165,5
3925,1165,1
3926,1165,3
3927,4011,1
3928,17202,1
3929,9587,1
3930,9587,5
3931,9587,3
3932,65086,1
3933,10053,1
3934,11870,1
3935,11870,3
3936,11870,4
3937,11778,1
3938,11778,3
3939,11778,11
3940,11778,40
3941,586,51
3942,586,1
3943,18736,4
3944,18736,1
3945,134411,1
3946,134411,2
3947,287903,5
3948,287903,1
3949,9276,1
3950,15765,1
3951,2142,1
3952,11397,1
3953,77016,1
3954,77016,2
3955,11478,1
3956,266856,15
3957,266856,1
3958,266856,3
3959,266856,4
3960,13411,1
3961,10564,1
3962,947,21
3963,947,1
3964,947,6
3965,24150,1
3966,228970,1
3967,18405,1
3968,6961,1
3969,11442,1
3970,2493,1
3971,14047,1
3972,64690,1
3973,11132,1
3974,17127,1
3975,1562,1
3976,232679,1
3977,17880,1
3978,14736,1
3979,14736,2
3980,9434,1
3981,23706,2
3982,23706,1
3983,11531,1
3984,9100,1
3985,116,1
3986,38843,1
3987,1245,1
3988,4995,1
3989,10413,1
3990,14012,1
3991,9793,1
3992,9793,2
3993,12212,1
3994,13768,1
3995,13768,3
3996,8975,21
3997,8975,1
3998,342521,1
3999,45272,1
4000,9424,1
4001,97367,1
4002,97367,2
4003,254904,1
4004,18681,1
4005,18681,3
4006,12162,1
4007,12162,21
4008,12162,6
4009,11495,1
4010,11495,4
4011,64689,1
4012,157849,1
4013,13166,1
4014,37003,1
4015,12211,1
4016,12211,3
4017,12211,23
4018,13816,1
4019,51828,1
4020,22798,1
4021,7501,24
4022,7501,1
4023,10743,1
4024,37718,1
4025,15237,1
4026,15237,3
4027,15237,4
4028,9686,1
4029,17644,1
4030,97430,1
4031,12257,1
4032,13539,1
4033,68,1
4034,14024,1
4035,14024,3
4036,115,1
4037,115,30
4038,115,2
4039,115,5
4040,7874,24
4041,7874,1
4042,4911,1
4043,1988,1
4044,1988,3
4045,1988,20
4046,16222,1
4047,9557,1
4048,9557,2
4049,9557,12
4050,9026,5
4051,9026,1
4052,18276,1
4053,8321,1
4054,72359,1
4055,10186,1
4056,10186,3
4057,25704,1
4058,133694,1
4059,19265,1
4060,36047,1
4061,36047,3
4062,8053,1
4063,8053,2
4064,2290,1
4065,5236,1
4066,6552,1
4067,1018,2
4068,1018,1
4069,10075,1
4070,10075,47
4071,38031,1
4072,42188,1
4073,6687,1
4074,6687,3
4075,6687,8
4076,6687,11
4077,6687,2
4078,13853,1
4079,31306,1
4080,31306,11
4081,8461,1
4082,331592,1
4083,47692,1
4084,47692,3
4085,47692,23
4086,19,74
4087,10045,3
4088,400,1
4089,253450,8
4090,9104,1
4091,11190,11
4092,16353,24
4093,16353,8
4094,16353,11
4095,16353,9
4096,23759,1
4097,23759,23
4098,24206,1
4099,10185,1
4100,10185,3
4101,75033,1
4102,74536,1
4103,31668,1
4104,31668,5
4105,13501,1
4106,13501,4
4107,15208,1
4108,172391,1
4109,262543,1
4110,9288,1
4111,370980,2
4112,20083,14
4113,20083,8
4114,20083,25
4115,20083,1
4116,40880,1
4117,137,1
4118,137,3
4119,137,4
4120,264999,1
4121,454,1
4122,53457,1
4123,53457,3
4124,53457,5
4125,53457,4
4126,53457,39
4127,288980,1
4128,33,1
4129,1951,1
4130,12405,3
4131,12405,16
4132,12405,1
4133,10998,1
4134,114,1
4135,114,4
4136,114,14
4137,9396,1
4138,319910,1
4139,2604,1
4140,2604,2
4141,864,1
4142,864,3
4143,864,5
4144,864,11
4145,14435,1
4146,1931,1
4147,691,1
4148,691,4
4149,691,21
4150,9877,1
4151,9877,4
4152,62008,1
4153,12227,1
4154,13824,1
4155,71688,1
4156,15173,24
4157,15173,1
4158,8291,1
4159,8291,3
4160,13950,1
4161,13950,3
4162,12158,1
4163,11586,1
4164,11586,3
4165,11586,2
4166,10008,1
4167,2830,1
4168,12403,1
4169,34563,1
4170,14557,1
4171,10368,1
4172,10368,4
4173,10368,11
4174,10280,1
4175,12637,1
4176,34152,1
4177,14434,1
4178,11470,1
4179,10741,1
4180,10741,5
4181,10741,2
4182,24940,1
4183,82679,1
4184,2013,3
4185,1440,1
4186,18041,1
4187,18041,4
4188,28029,1
4189,1123,33
4190,1123,1
4191,1123,68
4192,14033,1
4193,87729,1
4194,16899,1
4195,245700,1
4196,37842,3
4197,9045,1
4198,9045,3
4199,9045,5
4200,9045,4
4201,44092,8
4202,44092,1
4203,16005,1
4204,44754,1
4205,23988,1
4206,43949,1
4207,142,1
4208,9603,2
4209,9603,1
4210,10712,1
4211,243938,1
4212,10876,1
4213,86838,1
4214,86838,40
4215,25208,1
4216,613,41
4217,613,5
4218,613,11
4219,1913,75
4220,1913,2
4221,97370,1
4222,801,1
4223,70829,26
4224,54518,1
4225,44214,1
4226,44214,3
4227,44214,4
4228,240,1
4229,240,4
4230,240,15
4231,240,2
4232,9816,1
4233,10131,1
4234,339984,1
4235,8859,1
4236,8859,3
4237,8859,14
4238,11967,1
4239,239563,1
4240,222899,1
4241,4951,1
4242,4951,3
4243,10985,1
4244,10985,4
4245,10985,17
4246,9644,1
4247,332567,1
4248,1954,1
4249,15489,1
4250,15250,1
4251,22345,1
4252,22345,2
4253,9448,1
4254,38223,1
4255,11186,1
4256,11186,6
4257,136835,1
4258,5876,1
4259,264660,1
4260,492,1
4261,492,3
4262,25462,1
4263,238603,1
4264,10691,2
4265,10691,1
4266,1251,1
4267,1251,14
4268,5172,1
4269,58680,1
4270,264644,1
4271,14577,1
4272,11592,1
4273,16406,1
4274,16406,3
4275,19052,1
4276,3682,1
4277,9683,1
4278,2084,1
4279,2084,11
4280,107811,1
4281,2266,2
4282,2266,3
4283,2266,1
4284,2266,8
4285,2266,21
4286,13074,1
4287,144340,1
4288,48217,3
4289,28211,1
4290,47502,1
4291,9950,1
4292,9950,47
4293,84892,1
4294,24227,1
4295,9672,1
4296,9672,5
4297,44853,1
4298,157544,1
4299,157544,5
4300,59678,1
4301,79777,53
4302,79777,54
4303,79777,1
4304,79777,52
4305,158011,1
4306,407887,1
4307,407887,26
4308,17043,1
4309,8952,1
4310,62204,74
4311,13435,1
4312,13435,14
4313,13435,11
4314,13435,2
4315,17187,1
4316,319,1
4317,319,4
4318,59457,1
4319,9504,1
4320,37414,1
4321,6217,1
4322,26688,1
4323,43867,2
4324,43867,1
4325,6615,1
4326,6615,2
4327,14574,1
4328,16,1
4329,39780,3
4330,39780,1
4331,21612,4
4332,21612,1
4333,36691,1
4334,23631,1
4335,23631,2
4336,45324,1
4337,45324,3
4338,12144,1
4339,11658,26
4340,56601,1
4341,9552,5
4342,9552,3
4343,9552,15
4344,9552,21
4345,9552,7
4346,9552,1
4347,578,1
4348,2105,1
4349,126319,3
4350,10136,24
4351,10136,1
4352,10136,4
4353,67660,1
4354,10611,1
4355,154,1
4356,3049,1
4357,860,1
4358,9281,5
4359,9281,1
4360,75674,1
4361,75674,11
4362,9762,1
4363,3179,24
4364,3179,1
4365,184,1
4366,13335,1
4367,76726,1
4368,10269,1
4369,36819,1
4370,17130,1
4371,57214,1
4372,11202,1
4373,9357,1
4374,13812,1
4375,9030,2
4376,9030,1
4377,19084,1
4378,8386,1
4379,10437,1
4380,1360,1
4381,1360,3
4382,1360,11
4383,101267,1
4384,222935,1
4385,10220,11
4386,10220,1
4387,10220,30
4388,284296,1
4389,31915,1
4390,11601,1
4391,205220,1
4392,11354,1
4393,16241,1
4394,14191,1
4395,286565,1
4396,26710,1
4397,129670,1
4398,129670,2
4399,9059,1
4400,34549,1
4401,57157,1
4402,1948,1
4403,1948,2
4404,1948,26
4405,28353,1
4406,46889,1
4407,38093,1
4408,14976,1
4409,11027,1
4410,3635,1
4411,387,5
4412,387,1
4413,387,3
4414,6020,1
4415,122906,1
4416,9550,8
4417,60599,1
4418,227719,1
4419,14299,1
4420,19419,1
4421,12088,1
4422,14799,1
4423,9466,1
4424,7510,1
4425,31246,1
4426,61752,1
4427,10944,1
4428,10362,1
4429,14778,1
4430,1255,26
4431,45226,1
4432,10212,1
4433,10212,4
4434,10212,2
4435,8669,1
4436,179144,4
4437,179144,14
4438,179144,2
4439,179144,8
4440,16857,1
4441,86825,1
4442,844,25
4443,844,14
4444,844,8
4445,8060,1
4446,15907,1
4447,38448,1
4448,38448,3
4449,38448,13
4450,327,1
4451,327,4
4452,327,14
4453,327,2
4454,9260,1
4455,61337,1
4456,13079,1
4457,89325,1
4458,4170,11
4459,4170,1
4460,4170,2
4461,4170,47
4462,41508,1
4463,41508,5
4464,41508,30
4465,41508,41
4466,41508,47
4467,41508,39
4468,12479,24
4469,12479,1
4470,12479,3
4471,44555,8
4472,10133,1
4473,21345,1
4474,21345,5
4475,21345,14
4476,21345,8
4477,173931,1
4478,173931,5
4479,173931,8
4480,173931,11
4481,61984,14
4482,50601,1
4483,50601,76
4484,26466,1
4485,345003,1
4486,236751,1
4487,107,1
4488,107,11
4489,357837,1
4490,8913,1
4491,13889,1
4492,13889,14
4493,18530,1
4494,358451,8
4495,358451,25
4496,927,1
4497,927,2
4498,11,1
4499,291870,1
4500,907,1
4501,907,11
4502,206563,1
4503,206563,17
4504,11887,1
4505,45317,1
4506,12094,1
4507,10377,1
4508,249164,1
4509,256092,1
4510,9942,1
4511,10748,1
4512,1817,1
4513,1817,37
4514,10229,1
4515,687,1
4516,796,40
4517,796,1
4518,796,3
4519,22804,1
4520,10156,3
4521,10156,15
4522,10156,1
4523,12837,1
4524,17708,1
4525,17708,2
4526,17708,9
4527,17708,40
4528,13937,1
4529,28932,1
4530,31909,1
4531,167073,1
4532,3175,5
4533,3175,3
4534,3175,1
4535,14369,1
4536,16888,1
4537,121826,1
4538,121826,3
4539,10646,1
4540,12149,1
4541,304357,1
4542,304357,5
4543,11184,1
4544,766,1
4545,20009,1
4546,1587,1
4547,30973,1
4548,11109,1
4549,9027,1
4550,9027,16
4551,9027,41
4552,9027,2
4553,63020,1
4554,86829,1
4555,11065,1
4556,11065,3
4557,13888,1
4558,42345,1
4559,13994,1
4560,13994,11
4561,1590,5
4562,62728,1
4563,11917,1
4564,45138,1
4565,80271,1
4566,4657,1
4567,14395,1
4568,14395,16
4569,24137,1
4570,190847,1
4571,11056,1
4572,62,1
4573,62,11
4574,601,1
4575,13067,1
4576,25379,1
4577,88641,1
4578,58051,16
4579,14877,1
4580,96399,2
4581,96399,1
4582,304410,3
4583,489,1
4584,373314,1
4585,373314,4
4586,214,1
4587,10890,1
4588,10890,11
4589,10890,47
4590,1588,1
4591,316727,1
4592,10314,1
4593,663,1
4594,11804,1
4595,16781,1
4596,16781,2
4597,11873,1
4598,11873,2
4599,9289,1
4600,9289,3
4601,9289,5
4602,10414,1
4603,1970,1
4604,1970,14
4605,9614,1
4606,8922,1
4607,1648,1
4608,1648,3
4609,1648,5
4610,1648,7
4611,17917,1
4612,74534,16
4613,74534,1
4614,19405,1
4615,9355,1
4616,10999,1
4617,321258,1
4618,44040,2
4619,44040,1
4620,44040,42
4621,10426,1
4622,10426,3
4623,10426,17
4624,280092,1
4625,280092,9
4626,13938,1
4627,10163,1
4628,12182,1
4629,1832,1
4630,9034,1
4631,15301,1
4632,15301,3
4633,15301,5
4634,15301,40
4635,10135,1
4636,10135,17
4637,26352,1
4638,20616,1
4639,9794,1
4640,9794,41
4641,15037,1
4642,227,1
4643,294272,1
4644,11336,1
4645,11336,11
4646,283445,1
4647,88036,1
4648,88036,3
4649,10984,1
4650,22824,1
4651,9526,1
4652,9526,27
4653,39349,1
4654,15983,1
4655,14544,1
4656,14544,2
4657,11545,3
4658,11545,1
4659,11545,15
4660,11545,2
4661,42684,1
4662,268238,1
4663,8359,1
4664,15648,1
4665,15648,5
4666,41823,1
4667,11891,1
4668,9362,1
4669,9902,1
4670,14729,1
4671,14729,12
4672,9455,25
4673,9455,1
4674,9455,8
4675,103731,1
4676,10090,1
4677,10090,2
4678,164558,17
4679,164558,1
4680,19905,1
4681,17710,1
4682,75900,1
4683,9515,1
4684,9515,47
4685,27322,1
4686,328425,1
4687,14120,1
4688,14120,2
4689,10050,1
4690,1542,1
4691,10490,1
4692,87093,4
4693,87093,1
4694,87093,3
4695,10029,1
4696,9893,17
4697,9893,1
4698,11507,1
4699,37931,1
4700,37931,11
4701,3472,3
4702,3472,35
4703,3472,2
4704,3472,1
4705,87818,1
4706,13160,1
4707,88005,1
4708,52067,1
4709,73,1
4710,134597,1
4711,24034,1
4712,14283,1
4713,14283,3
4714,14283,5
4715,14283,4
4716,14283,8
4717,14283,2
4718,404,1
4719,13201,1
4720,209403,1
4721,7942,1
4722,73247,1
4723,253331,1
4724,34043,1
4725,34043,3
4726,34043,41
4727,9952,1
4728,256924,1
4729,256924,4
4730,82532,1
4731,41110,1
4732,41110,4
4733,41110,11
4734,134371,1
4735,2088,1
4736,10388,1
4737,10388,3
4738,1640,1
4739,1640,19
4740,1640,2
4741,1640,8
4742,1640,26
4743,25520,1
4744,25520,3
4745,27342,1
4746,13689,1
4747,67911,1
4748,67911,47
4749,24664,1
4750,24664,41
4751,329440,1
4752,47890,1
4753,252512,1
4754,55720,1
4755,55720,2
4756,9613,1
4757,29076,1
4758,29339,1
4759,68812,1
4760,32740,16
4761,14195,1
4762,73567,1
4763,41479,24
4764,41479,1
4765,41479,3
4766,15394,1
4767,10071,1
4768,1989,1
4769,91076,1
4770,12779,4
4771,12779,7
4772,12779,1
4773,13191,1
4774,11770,25
4775,11770,8
4776,11770,17
4777,11770,9
4778,12703,1
4779,12703,5
4780,64559,3
4781,64559,41
4782,222649,1
4783,115872,41
4784,115872,1
4785,115872,3
4786,101173,1
4787,25350,1
4788,10034,1
4789,20178,1
4790,5072,1
4791,5072,41
4792,5072,11
4793,18191,1
4794,31007,1
4795,11546,1
4796,184374,3
4797,184374,2
4798,268171,3
4799,78149,1
4800,78149,11
4801,24663,1
4802,24663,47
4803,39037,11
4804,22805,1
4805,39055,1
4806,245846,1
4807,25186,1
4808,15017,27
4809,15017,1
4810,12245,1
4811,49787,1
4812,49787,47
4813,16358,1
4814,7006,1
4815,66767,1
4816,17622,1
4817,17622,41
4818,283671,1
4819,18516,1
4820,217708,1
4821,217708,10
4822,217708,11
4823,217708,2
4824,217708,12
4825,42057,1
4826,42057,49
4827,17577,1
4828,14608,1
4829,34417,1
4830,15067,26
4831,78383,1
4832,43090,1
4833,16614,1
4834,9700,1
4835,10471,1
4836,250066,1
4837,667,1
4838,667,14
4839,667,11
4840,208869,1
4841,86837,3
4842,10306,1
4843,106845,1
4844,11576,1
4845,219,2
4846,11827,1
4847,11827,41
4848,22820,1
4849,31174,1
4850,244316,1
4851,37737,1
4852,37737,16
4853,37737,2
4854,62215,1
4855,66125,1
4856,66125,47
4857,132316,16
4858,348,1
4859,348,2
4860,30497,1
4861,27586,1
4862,14811,1
4863,14811,30
4864,14811,11
4865,660,1
4866,660,3
4867,68684,1
4868,40794,4
4869,9400,1
4870,16162,1
4871,10585,1
4872,2359,1
4873,2359,3
4874,2359,11
4875,2359,2
4876,238636,1
4877,10472,1
4878,10472,3
4879,11282,1
4880,11282,16
4881,6521,1
4882,14181,1
4883,14181,11
4884,1621,1
4885,1621,17
4886,9656,1
4887,9656,4
4888,16428,1
4889,10705,1
4890,10705,3
4891,8272,1
4892,24621,1
4893,1619,1
4894,1619,3
4895,9685,1
4896,14425,1
4897,14624,2
4898,14624,1
4899,10179,1
4900,15568,1
4901,14057,1
4902,12621,1
4903,1808,1
4904,293670,14
4905,293670,26
4906,293670,2
4907,67675,1
4908,27329,9
4909,29514,1
4910,250349,3
4911,12454,21
4912,12454,1
4913,12454,3
4914,39806,1
4915,15699,1
4916,8883,31
4917,8883,5
4918,17926,1
4919,291081,1
4920,41248,3
4921,25968,1
4922,9671,1
4923,52010,1
4924,11588,1
4925,43418,1
4926,71157,21
4927,71157,3
4928,13483,14
4929,13483,1
4930,333355,1
4931,327833,9
4932,327833,1
4933,1547,1
4934,25196,1
4935,25196,2
4936,16323,1
4937,175528,1
4938,8069,1
4939,71805,1
4940,71805,27
4941,9451,1
4942,16727,77
4943,16727,24
4944,16727,1
4945,16727,3
4946,16727,16
4947,272693,1
4948,10696,1
4949,150202,1
4950,19644,26
4951,29963,3
4952,29963,1
4953,26022,1
4954,26022,16
4955,26022,20
4956,152747,1
4957,62676,1
4958,20360,4
4959,20360,16
4960,1116,1
4961,1116,34
4962,1116,15
4963,185008,16
4964,11620,1
4965,14353,1
4966,11818,21
4967,11818,1
4968,11818,78
4969,11818,6
4970,680,1
4971,680,2
4972,680,3
4973,11176,1
4974,242582,1
4975,11217,1
4976,15121,1
4977,15121,3
4978,15121,4
4979,2619,1
4980,2619,4
4981,773,1
4982,235,1
4983,170,2
4984,170,1
4985,14114,1
4986,10734,1
4987,28121,1
4988,40807,1
4989,10885,1
4990,10885,14
4991,225565,1
4992,16471,1
4993,385736,1
4994,11971,1
4995,668,1
4996,668,5
4997,11596,1
4998,14429,1
4999,13751,1
5000,9490,1
5001,9490,6
5002,14536,1
5003,14536,2
5004,1359,1
5005,1359,2
5006,1359,25
5007,9962,1
5008,15049,1
5009,15049,3
5010,22821,1
5011,22821,4
5012,22821,2
5013,42819,1
5014,42819,5
5015,42819,47
5016,209263,1
5017,37735,1
5018,59930,1
5019,10873,1
5020,10873,5
5021,51588,1
5022,23570,1
5023,19489,1
5024,19489,4
5025,19489,17
5026,19489,2
5027,14629,17
5028,14629,1
5029,8293,1
5030,8293,5
5031,291270,1
5032,44009,1
5033,1958,3
5034,13154,14
5035,13154,1
5036,26618,1
5037,43923,1
5038,46138,1
5039,45791,1
5040,26306,1
5041,110683,1
5042,26963,1
5043,198277,1
5044,7870,1
5045,7870,4
5046,13072,1
5047,153397,1
5048,30141,1
5049,17044,1
5050,10288,1
5051,12183,1
5052,44147,1
5053,12192,1
5054,36597,1
5055,13197,1
5056,10913,1
5057,251321,3
5058,251321,1
5059,149,14
5060,10425,1
5061,49081,1
5062,49081,3
5063,256687,1
5064,220488,8
5065,1544,1
5066,374461,1
5067,302,1
5068,302,3
5069,182873,1
5070,21512,1
5071,389425,1
5072,389425,5
5073,403,1
5074,403,41
5075,403,47
5076,29461,4
5077,29461,1
5078,33542,25
5079,33542,1
5080,283708,21
5081,283708,3
5082,283708,2
5083,9388,1
5084,1691,1
5085,1691,47
5086,24684,1
5087,2610,1
5088,2610,47
5089,11308,1
5090,11022,1
5091,11022,5
5092,11022,47
5093,34341,1
5094,15365,1
5095,36046,1
5096,12569,1
5097,24356,1
5098,55903,3
5099,2577,1
5100,103903,1
5101,73873,1
5102,73873,3
5103,14165,1
5104,14165,16
5105,2011,1
5106,2011,3
5107,2011,5
5108,2011,19
5109,45650,1
5110,7735,5
5111,301365,1
5112,25941,1
5113,29064,1
5114,29064,4
5115,7326,1
5116,326284,1
5117,681,1
5118,681,5
5119,238,1
5120,238,4
5121,238,15
5122,535,1
5123,535,17
5124,19913,1
5125,19913,3
5126,19913,12
5127,713,1
5128,713,79
5129,77930,1
5130,10727,1
5131,253,1
5132,253,41
5133,17908,1
5134,8390,1
5135,57119,1
5136,3291,1
5137,398,1
5138,8068,1
5139,10803,1
5140,682,9
5141,682,25
5142,682,1
5143,10117,1
5144,10117,3
5145,9392,1
5146,24977,1
5147,79316,1
5148,2074,1
5149,1696,2
5150,1696,1
5151,308639,1
5152,22314,4
5153,22314,1
5154,22314,11
5155,2662,1
5156,77156,1
5157,12573,1
5158,12573,30
5159,12573,39
5160,44718,1
5161,44718,3
5162,11342,1
5163,241771,1
5164,34653,1
5165,34653,2
5166,11051,1
5167,14578,1
5168,57825,1
5169,57825,16
5170,57825,41
5171,57825,4
5172,57825,49
5173,57825,2
5174,9555,1
5175,15581,1
5176,13006,1
5177,16651,1
5178,16651,80
5179,4251,16
5180,12400,1
5181,39053,1
5182,39053,47
5183,104896,1
5184,14112,1
5185,12271,1
5186,12271,3
5187,12271,57
5188,71859,1
5189,226354,1
5190,48620,1
5191,33676,1
5192,33676,2
5193,37080,1
5194,25388,1
5195,11687,3
5196,39210,1
5197,39210,4
5198,30128,1
5199,31535,1
5200,44835,1
5201,192134,1
5202,1956,1
5203,24985,1
5204,24985,3
5205,306745,1
5206,47088,1
5207,110402,11
5208,27004,1
5209,27004,3
5210,15013,1
5211,8374,1
5212,8374,2
5213,277519,25
5214,78381,1
5215,164372,11
5216,294512,1
5217,8879,1
5218,13001,1
5219,9571,1
5220,13649,1
5221,325373,1
5222,334527,1
5223,2211,5
5224,13919,1
5225,14576,1
5226,82505,1
5227,46738,3
5228,46738,21
5229,46738,1
5230,38970,1
5231,38970,3
5232,38970,4
5233,41009,1
5234,7347,17
5235,250546,1
5236,650,1
5237,16620,1
5238,25113,1
5239,11033,1
5240,34723,1
5241,34723,3
5242,34723,5
5243,34723,11
5244,9430,1
5245,8998,1
5246,10514,1
5247,10496,1
5248,1591,1
5249,1591,5
5250,1591,37
5251,76025,1
5252,4836,1
5253,4836,13
5254,14631,1
5255,87499,1
5256,18923,1
5257,26665,1
5258,28089,1
5259,28089,2
5260,62255,1
5261,5708,1
5262,218,1
5263,338,5
5264,21641,1
5265,10925,1
5266,2293,1
5267,621,1
5268,792,1
5269,792,40
5270,1777,21
5271,1777,1
5272,642,1
5273,642,2
5274,433,1
5275,16619,1
5276,1725,1
5277,11977,1
5278,20322,1
5279,16158,1
5280,629,2
5281,629,1
5282,629,3
5283,629,41
5284,10160,1
5285,11452,1
5286,12163,1
5287,32275,1
5288,13785,1
5289,1103,1
5290,36739,1
5291,14144,1
5292,10622,8
5293,10622,25
5294,10622,1
5295,13370,1
5296,11191,1
5297,11191,3
5298,10215,1
5299,25066,1
5300,1523,1
5301,1523,3
5302,1523,5
5303,1523,37
5304,11361,1
5305,92591,1
5306,57612,1
5307,12509,1
5308,15256,1
5309,83686,1
5310,83686,3
5311,80304,1
5312,80304,2
5313,28053,1
5314,67913,34
5315,67913,1
5316,13991,1
5317,1443,1
5318,8545,1
5319,19556,1
5320,231576,1
5321,16172,3
5322,16172,1
5323,13403,1
5324,13403,5
5325,15797,1
5326,347764,1
5327,347764,5
5328,13537,1
5329,13537,3
5330,13537,41
5331,20794,1
5332,31064,1
5333,576,1
5334,576,5
5335,576,2
5336,13990,1
5337,11583,1
5338,18602,1
5339,18602,2
5340,27549,1
5341,59728,1
5342,10930,3
5343,32395,1
5344,58882,8
5345,58882,1
5346,7547,1
5347,35944,1
5348,42222,1
5349,42222,3
5350,42222,5
5351,42222,11
5352,13827,1
5353,13827,47
5354,44260,1
5355,9282,1
5356,38940,1
5357,38940,3
5358,35689,1
5359,97614,1
5360,37206,1
5361,58626,1
5362,183894,1
5363,837,1
5364,1555,4
5365,1555,3
5366,1555,2
5367,1555,1
5368,1555,81
5369,1555,31
5370,1555,5
5371,244783,1
5372,16564,32
5373,16564,1
5374,16564,5
5375,168027,1
5376,3482,5
5377,3482,1
5378,135595,1
5379,135595,8
5380,8982,1
5381,8982,8
5382,8982,9
5383,8982,40
5384,89861,1
5385,455,1
5386,455,49
5387,57022,1
5388,14351,1
5389,147767,16
5390,10664,2
5391,55567,1
5392,9277,1
5393,9443,1
5394,9443,3
5395,16186,1
5396,7863,1
5397,7863,39
5398,138697,1
5399,11901,1
5400,1548,1
5401,11889,1
5402,33155,1
5403,5528,3
5404,321,1
5405,321,3
5406,321,4
5407,4997,1
5408,925,1
5409,27451,1
5410,73532,3
5411,979,3
5412,193722,14
5413,7913,16
5414,253253,1
5415,51995,1
5416,13173,2
5417,13173,1
5418,22908,1
5419,70670,31
5420,70670,1
5421,70670,27
5422,70670,11
5423,84204,1
5424,25248,1
5425,230266,1
5426,16633,1
5427,63006,1
5428,63006,16
5429,91586,1
5430,91586,9
5431,215,1
5432,333371,1
5433,9012,1
5434,345911,1
5435,72571,1
5436,242512,1
5437,10072,1
5438,211954,2
5439,211954,1
5440,82990,1
5441,29912,1
5442,11843,1
5443,11284,1
5444,504,1
5445,173,1
5446,227348,1
5447,1955,1
5448,152532,1
5449,152532,14
5450,243940,1
5451,77,1
5452,157547,1
5453,2295,1
5454,71,1
5455,147773,1
5456,16096,1
5457,24266,1
5458,16508,1
5459,2895,1
5460,15660,1
5461,59968,1
5462,323677,1
5463,19848,1
5464,256274,1
5465,235271,1
5466,45153,1
5467,284293,1
5468,24973,7
5469,24973,1
5470,21610,1
5471,21610,3
5472,10283,1
5473,8346,7
5474,8346,1
5475,122081,1
5476,10987,1
5477,1391,2
5478,747,1
5479,14745,1
5480,14745,11
5481,26748,1
5482,26748,2
5483,11357,1
5484,24913,1
5485,13776,1
5486,14854,1
5487,14854,2
5488,50357,24
5489,50357,1
5490,13090,1
5491,13090,2
5492,192141,3
5493,192141,1
5494,192141,9
5495,16441,1
5496,29996,1
5497,351819,1
5498,14834,1
5499,14834,3
5500,22649,1
5501,378200,1
5502,20455,5
5503,20455,1
5504,13193,1
5505,11042,1
5506,11042,3
5507,10786,1
5508,12484,1
5509,17339,1
5510,17339,2
5511,11959,1
5512,9900,1
5513,9900,17
5514,14662,1
5515,335,1
5516,15745,1
5517,17431,2
5518,17431,1
5519,21014,1
5520,21014,30
5521,78394,1
5522,10217,1
5523,10217,2
5524,46332,21
5525,46332,3
5526,13996,3
5527,13996,1
5528,13996,5
5529,3028,1
5530,1024,1
5531,343795,1
5532,343795,17
5533,45658,1
5534,16148,1
5535,4553,1
5536,36351,1
5537,245916,1
5538,27585,1
5539,1415,1
5540,313922,1
5541,14474,1
5542,199933,1
5543,13685,2
5544,13685,1
5545,8744,1
5546,38428,16
5547,38428,1
5548,8847,1
5549,39269,1
5550,46838,1
5551,51384,5
5552,56930,1
5553,41730,1
5554,18442,1
5555,298312,1
5556,11600,1
5557,11600,2
5558,71547,1
5559,57876,1
5560,57876,17
5561,77495,2
5562,13849,1
5563,13849,3
5564,13849,47
5565,14849,1
5566,12486,1
5567,19615,1
5568,244403,1
5569,292481,1
5570,340816,17
5571,340816,1
5572,78814,1
5573,297596,21
5574,297596,1
5575,297596,13
5576,299552,1
5577,11935,1
5578,113406,1
5579,290825,1
5580,290825,3
5581,290825,5
5582,361159,1
5583,12555,47
5584,12555,24
5585,31175,5
5586,31175,7
5587,12498,1
5588,77949,3
5589,77949,1
5590,1690,1
5591,8435,1
5592,64720,1
5593,49365,1
5594,11404,1
5595,300706,1
5596,16337,1
5597,11577,1
5598,77987,1
5599,77987,9
5600,40185,3
5601,68202,1
5602,8981,1
5603,10914,1
5604,50848,3
5605,166624,1
5606,10822,1
5607,10844,1
5608,9336,1
5609,5689,1
5610,712,1
5611,13342,1
5612,10339,1
5613,1429,1
5614,9303,1
5615,641,1
5616,27686,1
5617,65749,2
5618,6106,1
5619,6106,2
5620,252680,1
5621,141,1
5622,17139,32
5623,17139,1
5624,17139,3
5625,17139,5
5626,12079,1
5627,39800,1
5628,4550,1
5629,4550,14
5630,4550,26
5631,62116,3
5632,9991,1
5633,9991,4
5634,13807,25
5635,68818,2
5636,68818,1
5637,12093,11
5638,12093,12
5639,12093,1
5640,36419,1
5641,281730,16
5642,281730,1
5643,510,1
5644,362105,1
5645,10970,3
5646,375290,21
5647,375290,16
5648,375290,59
5649,17663,1
5650,270938,1
5651,116613,52
5652,116613,1
5653,11826,1
5654,29920,5
5655,29920,1
5656,29920,2
5657,29920,52
5658,29920,12
5659,1088,1
5660,1088,79
5661,26379,16
5662,34069,3
5663,34069,5
5664,10947,1
5665,47452,1
5666,3040,5
5667,3040,11
5668,11386,1
5669,10246,1
5670,29426,1
5671,10331,1
5672,153,14
5673,153,1
5674,703,1
5675,703,5
5676,27191,1
5677,27191,5
5678,1365,1
5679,287424,1
5680,451,1
5681,165864,1
5682,987,1
5683,241251,1
5684,40494,1
5685,40494,4
5686,39781,1
5687,8337,1
5688,5925,1
5689,5925,5
5690,5925,3
5691,5925,11
5692,8357,1
5693,8357,5
5694,8357,2
5695,146203,1
5696,85350,2
5697,85350,1
5698,512,1
5699,13408,1
5700,47816,1
5701,10744,1
5702,10744,11
5703,11536,1
5704,9782,1
5705,18713,1
5706,6537,2
5707,184345,1
5708,1809,1
5709,1809,5
5710,2370,1
5711,2370,3
5712,2370,11
5713,2370,2
5714,9809,1
5715,9809,47
5716,9809,17
5717,9809,2
5718,5,1
5719,11013,1
5720,19153,1
5721,10132,1
5722,16448,1
5723,15122,17
5724,15122,1
5725,8141,1
5726,1546,1
5727,48572,1
5728,14517,1
5729,89708,1
5730,27551,1
5731,27551,4
5732,27551,2
5733,64678,1
5734,309503,1
5735,14293,1
5736,15059,1
5737,103328,3
5738,157847,1
5739,25719,1
5740,48309,1
5741,27723,1
5742,20468,1
5743,242575,5
5744,242575,2
5745,44945,1
5746,29122,1
5747,125123,1
5748,111190,1
5749,133575,1
5750,54580,2
5751,54580,5
5752,52015,1
5753,34941,1
5754,227975,5
5755,227975,17
5756,60422,1
5757,60422,3
5758,60422,5
5759,81390,1
5760,81390,4
5761,10981,1
5762,225235,11
5763,14902,1
5764,121676,21
5765,121676,1
5766,22301,3
5767,22301,1
5768,22301,5
5769,20065,1
5770,20065,4
5771,257087,1
5772,46420,1
5773,114635,1
5774,158150,1
5775,251979,1
5776,874,1
5777,874,3
5778,874,15
5779,874,2
5780,10774,1
5781,10774,5
5782,770,1
5783,266102,1
5784,29715,1
5785,29715,3
5786,29715,2
5787,25209,1
5788,37495,21
5789,37495,1
5790,37495,20
5791,29262,17
5792,34769,1
5793,35032,1
5794,5178,1
5795,5178,4
5796,8618,1
5797,3116,1
5798,3116,4
5799,9427,1
5800,813,1
5801,352978,1
5802,10634,1
5803,9516,1
5804,16288,1
5805,23330,1
5806,18900,1
5807,27029,1
5808,26268,1
5809,573,1
5810,310131,1
5811,40505,1
5812,11363,1
5813,11363,3
5814,3033,1
5815,3033,41
5816,25376,2
5817,22007,1
5818,765,1
5819,10615,1
5820,205321,1
5821,89540,2
5822,46146,27
5823,14256,1
5824,540,1
5825,370464,1
5826,20055,1
5827,224569,1
5828,224569,11
5829,39303,1
5830,142061,1
5831,370662,1
5832,252360,1
5833,256740,1
5834,299145,1
5835,241766,4
5836,241766,1
5837,12535,1
5838,12535,41
5839,1667,3
5840,1667,1
5841,50839,1
5842,86549,2
5843,86549,1
5844,13973,1
5845,244786,1
5846,598,17
5847,11129,1
5848,75861,1
5849,13551,1
5850,103663,31
5851,103663,47
5852,103663,1
5853,850,1
5854,12586,1
5855,12586,2
5856,11564,1
5857,301748,1
5858,108346,1
5859,8841,3
5860,805,1
5861,11697,1
5862,22051,1
5863,436,1
5864,436,2
5865,55347,1
5866,55347,3
5867,10070,1
5868,8469,1
5869,658,8
5870,658,1
5871,658,2
5872,125490,1
5873,1585,1
5874,627,1
5875,23618,1
5876,41436,1
5877,10162,1
5878,10162,34
5879,10162,15
5880,1430,1
5881,259943,8
5882,10014,1
5883,11257,1
5884,11257,4
5885,158015,1
5886,82507,1
5887,82507,17
5888,82507,3
5889,82507,82
5890,20337,1
5891,261,1
5892,1685,1
5893,20737,1
5894,10991,1
5895,10225,1
5896,826,14
5897,826,9
5898,826,1
5899,34086,1
5900,5854,1
5901,284,1
5902,10285,1
5903,5780,1
5904,5780,5
5905,5780,27
5906,5780,12
5907,292,1
5908,292,5
5909,223485,1
5910,223485,6
5911,29463,1
5912,18065,1
5913,22013,1
5914,821,1
5915,53862,1
5916,3089,1
5917,3089,5
5918,3089,4
5919,3089,2
5920,30139,1
5921,132344,1
5922,132344,7
5923,132344,3
5924,15582,1
5925,15158,1
5926,44634,1
5927,30309,1
5928,7509,16
5929,10557,1
5930,10557,11
5931,10557,20
5932,23531,4
5933,23531,1
5934,28005,1
5935,40247,1
5936,252,1
5937,252,3
5938,252,5
5939,24126,1
5940,13982,2
5941,13982,1
5942,16642,1
5943,16642,4
5944,17734,1
5945,18892,1
5946,549,1
5947,549,2
5948,121986,1
5949,868,33
5950,868,65
5951,868,68
5952,10683,1
5953,10683,11
5954,17995,1
5955,246403,1
5956,670,26
5957,35691,1
5958,49010,1
5959,317930,1
5960,11229,1
5961,22488,1
5962,24469,1
5963,82533,1
5964,50942,1
5965,84174,1
5966,34099,1
5967,79940,1
5968,342,5
5969,38033,1
5970,100975,1
5971,38541,1
5972,39563,1
5973,234212,1
5974,27404,1
5975,170480,1
5976,71866,1
5977,71866,5
5978,192210,1
5979,192210,17
5980,192210,11
5981,180296,1
5982,157058,1
5983,70006,1
5984,26039,1
5985,79587,4
5986,79587,1
5987,176077,1
5988,260947,1
5989,342502,1
5990,191229,1
5991,191229,2
5992,43213,1
5993,44594,1
5994,666,17
5995,248,1
5996,248,2
5997,325173,1
5998,55831,1
5999,351043,1
6000,43942,1
6001,10226,4
6002,10226,1
6003,10226,3
6004,66942,1
6005,66942,17
6006,356483,1
6007,10476,1
6008,239,1
6009,10281,1
6010,630,1
6011,3034,1
6012,3034,5
6013,13025,1
6014,21461,16
6015,55306,1
6016,17264,21
6017,17264,1
6018,17264,4
6019,16016,31
6020,15875,1
6021,15875,3
6022,5900,32
6023,43306,1
6024,11072,1
6025,11072,5
6026,11072,39
6027,9730,1
6028,9730,2
6029,209274,47
6030,26371,1
6031,14137,1
6032,291,1
6033,14139,2
6034,33106,8
6035,8875,1
6036,872,1
6037,72914,1
6038,139038,1
6039,126509,1
6040,9591,1
6041,10676,1
6042,1687,1
6043,24748,1
6044,181330,1
6045,468,1
6046,401,1
6047,76,1
6048,76,5
6049,76,3
6050,50538,3
6051,25636,1
6052,19316,1
6053,19316,8
6054,84329,1
6055,20,1
6056,157386,1
6057,13007,21
6058,13007,1
6059,13007,30
6060,13007,19
6061,13007,2
6062,13518,1
6063,116584,1
6064,46849,1
6065,40428,1
6066,17334,1
6067,17334,16
6068,1698,5
6069,1698,15
6070,20764,1
6071,20764,2
6072,45132,1
6073,76706,1
6074,254472,1
6075,332285,1
6076,49471,1
6077,13569,1
6078,13569,5
6079,7512,1
6080,356216,1
6081,11798,1
6082,146631,1
6083,146631,3
6084,43546,1
6085,43546,2
6086,43546,3
6087,61038,1
6088,78373,1
6089,17820,1
6090,74457,1
6091,283384,1
6092,19933,32
6093,19933,1
6094,19933,47
6095,756,1
6096,433715,1
6097,9728,1
6098,9731,1
6099,9916,1
6100,9916,17
6101,309425,1
6102,14156,1
6103,43610,1
6104,360339,1
6105,31163,1
6106,297621,1
6107,16205,1
6108,887,1
6109,9517,1
6110,6007,27
6111,364083,2
6112,364083,1
6113,8329,14
6114,8329,2
6115,69640,1
6116,347548,1
6117,322443,1
6118,657,1
6119,657,11
6120,657,6
6121,657,13
6122,28165,1
6123,28165,14
6124,11561,1
6125,11561,39
6126,270303,1
6127,11624,1
6128,11624,4
6129,595,1
6130,8810,1
6131,12207,25
6132,226,1
6133,92182,1
6134,582,5
6135,72213,1
6136,990,1
6137,55604,1
6138,9662,3
6139,9662,17
6140,20862,1
6141,2771,1
6142,80,1
6143,80,3
6144,55,2
6145,11023,1
6146,11023,17
6147,11023,2
6148,33667,1
6149,39013,1
6150,11194,1
6151,43839,1
6152,1382,1
6153,44639,1
6154,301351,1
6155,301351,4
6156,4816,1
6157,7873,1
6158,7873,2
6159,7873,26
6160,331190,1
6161,15186,1
6162,17994,5
6163,1378,1
6164,8885,30
6165,8885,21
6166,8885,5
6167,8885,1
6168,12901,1
6169,250124,1
6170,14284,41
6171,57120,1
6172,12228,1
6173,22617,1
6174,22617,3
6175,22617,4
6176,55561,1
6177,42889,1
6178,42889,3
6179,10656,3
6180,24363,1
6181,24363,3
6182,13121,1
6183,24746,1
6184,12109,1
6185,27023,1
6186,27023,4
6187,22913,1
6188,273899,1
6189,20653,1
6190,20653,16
6191,171759,1
6192,171759,5
6193,206296,1
6194,35219,1
6195,28260,24
6196,28260,1
6197,28260,4
6198,7515,1
6199,13075,1
6200,335866,1
6201,13510,1
6202,215881,1
6203,18238,1
6204,22600,33
6205,22600,1
6206,12612,1
6207,50698,1
6208,115210,1
6209,34335,1
6210,11302,39
6211,11302,1
6212,119458,1
6213,20406,1
6214,20406,5
6215,20406,11
6216,20406,2
6217,3766,25
6218,3766,1
6219,18616,1
6220,18616,47
6221,18808,1
6222,95755,1
6223,198062,1
6224,188652,1
6225,174311,1
6226,12602,5
6227,153795,1
6228,17768,1
6229,13516,1
6230,98549,1
6231,98549,3
6232,312793,1
6233,312793,5
6234,309919,1
6235,299553,1
6236,21309,1
6237,32235,1
6238,329540,1
6239,26388,1
6240,49020,1
6241,159037,21
6242,12838,3
6243,157293,16
6244,14048,1
6245,14048,3
6246,356987,1
6247,295886,1
6248,38358,1
6249,33511,1
6250,702,1
6251,935,1
6252,542,2
6253,84175,1
6254,1705,1
6255,62677,1
6256,50875,1
6257,260778,28
6258,58492,1
6259,44562,1
6260,37232,83
6261,4929,1
6262,36334,1
6263,36334,5
6264,9783,1
6265,386826,1
6266,205126,1
6267,205126,3
6268,205126,5
6269,98557,1
6270,104,5
6271,104,1
6272,104,14
6273,10894,1
6274,246449,1
6275,32579,1
6276,32579,2
6277,1688,1
6278,1999,56
6279,1999,1
6280,43947,1
6281,24066,1
6282,9709,1
6283,191714,1
6284,191714,16
6285,25312,1
6286,34106,1
6287,34106,11
6288,11426,1
6289,13909,1
6290,206284,1
6291,27455,1
6292,7973,3
6293,7973,21
6294,283686,1
6295,15976,30
6296,592,1
6297,74084,1
6298,74084,16
6299,1651,3
6300,25428,5
6301,298584,1
6302,10758,1
6303,11690,1
6304,3083,1
6305,9344,1
6306,10707,1
6307,10707,3
6308,15647,1
6309,308529,1
6310,308529,9
6311,4174,1
6312,20156,1
6313,20156,30
6314,9464,1
6315,49018,1
6316,13820,1
6317,18079,2
6318,127918,1
6319,127918,30
6320,17113,1
6321,129139,1
6322,507,1
6323,507,3
6324,4012,1
6325,4012,30
6326,4012,41
6327,14054,1
6328,323271,1
6329,10972,1
6330,66025,1
6331,11908,1
6332,3082,1
6333,39541,1
6334,1961,1
6335,51820,1
6336,291362,1
6337,30082,1
6338,72913,1
6339,23963,62
6340,23963,1
6341,23963,3
6342,29406,1
6343,104755,1
6344,253306,1
6345,29595,1
6346,46729,1
6347,294600,1
6348,137347,1
6349,137347,13
6350,426469,1
6351,356841,1
6352,301325,1
6353,301325,2
6354,347755,1
6355,408,1
6356,44413,2
6357,39209,5
6358,39209,1
6359,39209,2
6360,394047,1
6361,312791,1
6362,266034,3
6363,280381,1
6364,2661,1
6365,100,1
6366,218500,1
6367,309,31
6368,309,5
6369,309,1
6370,27845,4
6371,27845,1
6372,25784,1
6373,25784,40
6374,100275,1
6375,295914,84
6376,42033,1
6377,19187,11
6378,46415,3
6379,46415,1
6380,46415,16
6381,38570,1
6382,38570,11
6383,27588,3
6384,27588,5
6385,223,1
6386,223,3
6387,9725,1
6388,28580,1
6389,23730,1
6390,46256,1
6391,19997,1
6392,43266,1
6393,43266,61
6394,278316,1
6395,1412,1
6396,176,1
6397,39939,1
6398,215924,2
6399,480,1
6400,480,16
6401,14295,1
6402,11219,1
6403,20770,1
6404,176124,1
6405,176124,5
6406,500,1
6407,60400,1
6408,60400,3
6409,429,4
6410,310569,17
6411,98369,1
6412,89750,1
6413,49951,1
6414,86331,3
6415,355629,2
6416,16433,1
6417,15544,1
6418,15544,5
6419,15544,41
6420,43884,1
6421,107315,1
6422,13064,1
6423,59917,1
6424,157422,1
6425,7553,1
6426,7553,11
6427,12877,1
6428,39895,1
6429,39895,5
6430,55616,1
6431,29697,1
6432,29697,68
6433,50037,1
6434,94329,85
6435,53502,1
6436,202604,4
6437,202604,1
6438,289,5
6439,289,3
6440,289,4
6441,289,1
6442,27374,1
6443,27374,5
6444,26815,16
6445,811,1
6446,811,5
6447,1366,1
6448,244776,1
6449,5769,1
6450,277685,1
6451,103,1
6452,103,2
6453,11298,1
6454,646,1
6455,646,3
6456,93856,1
6457,9003,1
6458,347126,1
6459,10092,1
6460,10092,5
6461,10092,17
6462,10643,14
6463,46705,1
6464,546,1
6465,76487,1
6466,5722,1
6467,39833,1
6468,1781,1
6469,18712,1
6470,7944,1
6471,171424,1
6472,361475,1
6473,361475,3
6474,113947,1
6475,18570,1
6476,83860,1
6477,41469,1
6478,244772,1
6479,50837,1
6480,248774,1
6481,10183,1
6482,10183,3
6483,10183,20
6484,10183,8
6485,159014,1
6486,32456,1
6487,49963,1
6488,13508,1
6489,13508,3
6490,13508,41
6491,22597,1
6492,22597,3
6493,22597,11
6494,9707,1
6495,9707,5
6496,26791,1
6497,56666,16
6498,56666,20
6499,8675,1
6500,8675,14
6501,13132,1
6502,47686,1
6503,46989,1
6504,192132,1
6505,24424,21
6506,24424,30
6507,13198,1
6508,244267,1
6509,21413,1
6510,123678,1
6511,123678,85
6512,13362,1
6513,39183,1
6514,62402,1
6515,201132,1
6516,251471,1
6517,112456,1
6518,20296,16
6519,25983,1
6520,66195,1
6521,16155,1
6522,46727,1
6523,55180,1
6524,29015,1
6525,91122,1
6526,18206,1
6527,18206,2
6528,320146,1
6529,13856,1
6530,43630,1
6531,56491,1
6532,99826,1
6533,186935,2
6534,357441,20
6535,19344,1
6536,242083,1
6537,18869,1
6538,26673,1
6539,41830,1
6540,63287,1
6541,63287,2
6542,335874,1
6543,34592,1
6544,92635,1
6545,258755,2
6546,96534,1
6547,21283,1
6548,84178,1
6549,101179,1
6550,52462,5
6551,269057,1
6552,287524,1
6553,206213,1
6554,248402,1
6555,29146,1
6556,207769,1
6557,271185,1
6558,29731,1
6559,292539,1
6560,654,1
6561,91070,1
6562,2009,13
6563,2652,1
6564,9813,1
6565,60421,1
6566,60421,3
6567,60421,19
6568,157354,1
6569,127867,1
6570,3170,1
6571,14014,1
6572,15708,1
6573,146882,3
6574,215918,1
6575,84200,1
6576,84184,1
6577,45767,1
6578,14823,1
6579,367551,1
6580,343409,1
6581,60243,19
6582,57294,1
6583,11446,1
6584,47889,1
6585,25461,1
6586,25461,2
6587,905,5
6588,78705,2
6589,25212,1
6590,26899,1
6591,146269,1
6592,292483,1
6593,14451,27
6594,10105,1
6595,10105,5
6596,211557,1
6597,838,1
6598,40862,1
6599,13158,1
6600,84332,1
6601,74510,1
6602,74725,12
6603,74725,1
6604,58428,1
6605,8416,1
6606,8416,3
6607,8416,4
6608,8416,15
6609,8416,8
6610,13429,1
6611,9022,1
6612,22530,5
6613,22530,1
6614,288,1
6615,14275,1
6616,2287,1
6617,18734,1
6618,206197,1
6619,26837,1
6620,7859,1
6621,302579,1
6622,51955,1
6623,376004,1
6624,158752,1
6625,40658,1
6626,296943,1
6627,118612,1
6628,323967,1
6629,3080,1
6630,3080,4
6631,2667,1
6632,9459,1
6633,11598,1
6634,26916,1
6635,181940,1
6636,324322,3
6637,324322,1
6638,324322,86
6639,375950,3
6640,278348,1
6641,704,1
6642,75986,1
6643,385636,1
6644,385636,87
6645,14438,1
6646,211086,16
6647,23069,1
6648,83,1
6649,89857,1
6650,30315,1
6651,14358,1
6652,14358,2
6653,2056,1
6654,41144,1
6655,35199,1
6656,14271,1
6657,14757,1
6658,14757,3
6659,14757,41
6660,14757,72
6661,23655,1
6662,36825,1
6663,33430,1
6664,12281,1
6665,125052,1
6666,96238,1
6667,30246,1
6668,7301,1
6669,172533,1
6670,180383,1
6671,346,14
6672,84318,1
6673,45145,1
6674,13983,1
6675,45649,1
6676,19844,1
6677,21801,1
6678,43933,2
6679,43933,1
6680,73511,1
6681,139715,1
6682,45380,8
6683,30867,1
6684,81220,1
6685,253626,1
6686,294550,1
6687,90369,1
6688,90369,3
6689,90369,5
6690,117942,1
6691,322194,1
6692,98568,1
6693,98568,5
6694,119657,2
6695,380733,1
6696,362765,1
6697,379532,1
6698,253261,1
6699,297100,1
6700,15239,1
6701,4107,1
6702,4107,34
6703,15624,1
6704,17287,1
6705,198370,1
6706,3062,1
6707,15389,1
6708,464,1
6709,464,4
6710,464,12
6711,8193,1
6712,188166,1
6713,23827,1
6714,1282,1
6715,762,3
6716,762,15
6717,762,1
6718,64499,1
6719,1435,1
6720,19204,1
6721,19204,4
6722,9029,1
6723,9029,56
6724,18045,1
6725,18045,47
6726,11240,1
6727,157909,1
6728,10238,12
6729,3059,1
6730,15800,1
6731,65203,1
6732,764,1
6733,103620,1
6734,319069,1
6735,319069,30
6736,14278,1
6737,25678,1
6738,389,1
6739,52032,1
6740,3078,1
6741,38810,7
6742,21525,1
6743,55123,1
6744,11980,1
6745,11956,3
6746,1550,8
6747,1550,1
6748,162396,1
6749,26518,1
6750,8942,1
6751,68412,1
6752,2786,3
6753,87943,1
6754,73981,1
6755,73981,16
6756,91721,1
6757,118452,1
6758,47534,1
6759,40914,1
6760,365052,1
6761,13282,1
6762,250184,1
6763,426067,1
6764,324352,1
6765,318040,1
6766,27420,1
6767,80468,1
6768,84188,1
6769,84188,3
6770,84188,5
6771,2255,1
6772,50035,1
6773,14290,1
6774,29371,1
6775,44490,1
6776,32222,1
6777,378237,1
6778,431,5
6779,431,1
6780,76996,1
6781,51942,1
6782,1424,1
6783,60420,1
6784,325123,1
6785,142132,1
6786,20520,1
6787,20520,8
6788,109729,1
6789,78307,1
6790,12247,1
6791,29917,25
6792,29917,1
6793,29917,3
6794,24869,1
6795,77934,1
6796,77934,5
6797,34697,5
6798,34697,1
6799,306667,1
6800,274758,1
6801,40963,1
6802,173224,1
6803,18533,1
6804,376010,1
6805,139948,1
6806,35073,1
6807,35073,3
6808,9659,1
6809,10218,1
6810,391,4
6811,391,2
6812,43595,1
6813,54897,1
6814,83588,1
6815,53256,1
6816,53256,5
6817,40920,1
6818,54702,47
6819,54702,1
6820,69270,1
6821,5759,1
6822,402515,1
6823,126141,3
6824,48035,31
6825,14758,1
6826,13363,1
6827,37985,1
6828,25786,1
6829,36549,1
6830,361398,1
6831,289180,1
6832,288927,1
6833,21334,19
6834,79120,1
6835,27995,1
6836,253290,1
6837,344466,13
6838,55420,1
6839,5822,1
6840,408429,1
6841,39141,1
6842,39141,3
6843,5723,1
6844,28666,1
6845,30979,1
6846,30979,5
6847,30979,73
6848,50497,1
6849,354624,1
6850,13187,1
6851,13187,2
6852,335244,1
6853,178862,1
6854,331745,1
6855,1779,1
6856,282128,1
6857,86812,1
6858,84355,1
6859,40652,3
6860,339408,1
6861,266857,1
6862,18925,1
6863,299245,1
6864,985,1
6865,34101,1
6866,9821,1
6867,65448,1
6868,18841,1
6869,175291,1
6870,80215,1
6871,13538,1
6872,51130,1
6873,270554,1
6874,72086,1
6875,268917,1
6876,64973,1
6877,473,1
6878,90414,1
6879,111794,1
6880,360188,1
6881,9372,1
6882,85860,1
6883,244534,1
6884,33468,1
6885,294086,1
6886,139998,1
6887,74777,1
6888,16388,1
6889,159770,1
6890,42109,17
6891,47607,1
6892,193603,1
6893,322745,1
6894,20981,1
6895,174362,1
6896,242095,1
6897,250902,1
6898,158895,1
6899,18292,1
6900,125537,1
6901,326576,1
6902,228550,1
6903,13963,1
6904,290391,1
6905,44770,1
6906,40769,1
6907,42151,1
6908,2292,1
6909,42497,1
6910,42497,3
6911,33693,1
6912,14585,1
6913,185465,2
6914,185465,1
6915,38780,1
6916,14022,1
6917,255266,1
6918,17345,1
6919,226458,1
6920,287625,37
6921,287625,1
6922,44990,1
6923,86304,1
6924,692,1
6925,39851,25
6926,39851,1
6927,39851,3
6928,13898,19
6929,157185,1
6930,36095,14
6931,286939,1
6932,124606,1
6933,14337,1
6934,9367,2
6935,231617,1
6936,126186,1
6937,25975,1
